Workbook

Sheet Page 1
E2: Vérification de l'homogeniété et de la stabilité des échantillons soumises à l'essai d'aptitude | S2: Réference : FTE 006 Version : 06 du 10/08/2026 Page 1/6
D9: Version | G9: Date | J9: Résumé des modifications
D11: 1 | J11: Création
D14: 2
D17: 3
D20: 4
D23: 5 | G23: 46075 | J23: ajout de feuille pour la séléction automatique des entitées
D24: 6 | G24: 46244 | J24: Élargissement du facteur appliqué au critère de vérification de l’homogénéité (B.2.3) pour m ≥ 2
D25: 7
F27: Rédacteur | I27: Approbateur
D29: Fonction | F29: Responsable essais d'aptitude | I29: Responsable Technique et Scientifique
D32: Signature
B37: Adresse : BP53 Zone Industrielle Technopole Menzel Harb 5036 TUNISIE Tél : +216 70 146 260 Fax : +216 70 146 269 Mail : info@ttesting.org

Sheet Selection des entités
E2: Vérification de l'homogeniété et de la stabilité des échantillons soumises à l'essai d'aptitude | V2: Réference : FTE 006 Version : 06 du 10/08/2026 Page 2/6
B7: Sélection aléatoire intelligente d'échantillons (tirage sans remise)
B9: I) Paramètres
B10: N : nombre total de lots / échantillons produits | C10: 25 | E10: =IF(C10<C11,"Impossible : N ("&C10&") est inferieur a k ("&C11&"). Augmentez N ou reduisez le nombre de libelles.",IF(C10>200,"N depasse la capacite de cette feuille (200 lots max). Voir la note en bas de page.","OK : "&C10&" lots au total, "&C11&" a selectionner, "&(C10-C11)&" en reserve.")) -> OK : 25 lots au total, 12 a selectionner, 13 en reserve.
B11: k : nombre d'échantillons à sélectionner (= nb. de libellés renseignés ci-dessous) | C11: =COUNTA(B15:U15) -> 12
B12: Validation :
B14: II) Résultat du tirage — libellés modifiables, tirage automatique
A15: Libellé | B15: H-001 | C15: H-002 | D15: H-003 | E15: H-004 | F15: H-005 | G15: H-006 | H15: H-007 | I15: H-008 | J15: H-009 | K15: H-010 | L15: ST-001 | M15: STE-002
A16: N° de lot tiré | B16: =IF(B15="","",IFERROR(INDEX($B$65:$B$264,MATCH(1,$D$65:$D$264,0)),"")) -> 3 | C16: =IF(C15="","",IFERROR(INDEX($B$65:$B$264,MATCH(2,$D$65:$D$264,0)),"")) -> 4 | D16: =IF(D15="","",IFERROR(INDEX($B$65:$B$264,MATCH(3,$D$65:$D$264,0)),"")) -> 19 | E16: =IF(E15="","",IFERROR(INDEX($B$65:$B$264,MATCH(4,$D$65:$D$264,0)),"")) -> 2 | F16: =IF(F15="","",IFERROR(INDEX($B$65:$B$264,MATCH(5,$D$65:$D$264,0)),"")) -> 7 | G16: =IF(G15="","",IFERROR(INDEX($B$65:$B$264,MATCH(6,$D$65:$D$264,0)),"")) -> 16 | H16: =IF(H15="","",IFERROR(INDEX($B$65:$B$264,MATCH(7,$D$65:$D$264,0)),"")) -> 12 | I16: =IF(I15="","",IFERROR(INDEX($B$65:$B$264,MATCH(8,$D$65:$D$264,0)),"")) -> 18 | J16: =IF(J15="","",IFERROR(INDEX($B$65:$B$264,MATCH(9,$D$65:$D$264,0)),"")) -> 6 | K16: =IF(K15="","",IFERROR(INDEX($B$65:$B$264,MATCH(10,$D$65:$D$264,0)),"")) -> 5 | L16: =IF(L15="","",IFERROR(INDEX($B$65:$B$264,MATCH(11,$D$65:$D$264,0)),"")) -> 25 | M16: =IF(M15="","",IFERROR(INDEX($B$65:$B$264,MATCH(12,$D$65:$D$264,0)),"")) -> 24 | N16: =IF(N15="","",IFERROR(INDEX($B$65:$B$264,MATCH(13,$D$65:$D$264,0)),"")) | O16: =IF(O15="","",IFERROR(INDEX($B$65:$B$264,MATCH(14,$D$65:$D$264,0)),"")) | P16: =IF(P15="","",IFERROR(INDEX($B$65:$B$264,MATCH(15,$D$65:$D$264,0)),"")) | Q16: =IF(Q15="","",IFERROR(INDEX($B$65:$B$264,MATCH(16,$D$65:$D$264,0)),"")) | R16: =IF(R15="","",IFERROR(INDEX($B$65:$B$264,MATCH(17,$D$65:$D$264,0)),"")) | S16: =IF(S15="","",IFERROR(INDEX($B$65:$B$264,MATCH(18,$D$65:$D$264,0)),"")) | T16: =IF(T15="","",IFERROR(INDEX($B$65:$B$264,MATCH(19,$D$65:$D$264,0)),"")) | U16: =IF(U15="","",IFERROR(INDEX($B$65:$B$264,MATCH(20,$D$65:$D$264,0)),""))
B18: Renseignez les libellés en bleu (ligne 8) dans l'ordre voulu, sans laisser de case vide entre deux libellés (les cases doivent être remplies à partir de la gauche). Le n° de lot tiré apparaît automatiquement en ligne 9. Pour tirer un nouveau jeu aléatoire, appuyez sur F9 (recalcul).
B20: IMPORTANT — Le tirage utilise la fonction RAND() : il change à CHAQUE recalcul et à CHAQUE réouverture du fichier. Une fois le tirage retenu pour l'essai réel, figez-le immédiatement : sélectionnez les lignes 8-9 (et le tableau ci-dessous), Copier, puis Collage spécial > Valeurs, avant d'archiver ou d'imprimer le document. Sans cette étape, le tirage affiché ne sera pas reproductible et perdra toute valeur de preuve.
C28: Adresse : BP53 Zone Industrielle Technopole Menzel Harb 5036 TUNISIE Tél : +216 70 146 260 Fax : +216 70 146 269 Mail : info@ttesting.org
B63: III) Population complète, clé aléatoire, rang et statut (table d'audit — sert aussi de liste de réserve)
B64: N° de lot | C64: Clé aléatoire | D64: Rang du tirage | E64: Statut
B65: =IF(1<=$C$10,1,"") -> 1 | C65: =IF(B65="","",RAND()) -> 0.59684737 | D65: =IF(B65="","",RANK(C65,$C$65:$C$264,1)) -> 20 | E65: =IF(B65="","",IF(D65<=$C$11,"Selectionne - "&INDEX($B$15:$U$15,D65),"Reserve")) -> Reserve
B66: =IF(2<=$C$10,2,"") -> 2 | C66: =IF(B66="","",RAND()) -> 0.20642828 | D66: =IF(B66="","",RANK(C66,$C$65:$C$264,1)) -> 4 | E66: =IF(B66="","",IF(D66<=$C$11,"Selectionne - "&INDEX($B$15:$U$15,D66),"Reserve")) -> Selectionne - H-004
B67: =IF(3<=$C$10,3,"") -> 3 | C67: =IF(B67="","",RAND()) -> 0.033242758 | D67: =IF(B67="","",RANK(C67,$C$65:$C$264,1)) -> 1 | E67: =IF(B67="","",IF(D67<=$C$11,"Selectionne - "&INDEX($B$15:$U$15,D67),"Reserve")) -> Selectionne - H-001
B68: =IF(4<=$C$10,4,"") -> 4 | C68: =IF(B68="","",RAND()) -> 0.048695161 | D68: =IF(B68="","",RANK(C68,$C$65:$C$264,1)) -> 2 | E68: =IF(B68="","",IF(D68<=$C$11,"Selectionne - "&INDEX($B$15:$U$15,D68),"Reserve")) -> Selectionne - H-002
B69: =IF(5<=$C$10,5,"") -> 5 | C69: =IF(B69="","",RAND()) -> 0.38589146 | D69: =IF(B69="","",RANK(C69,$C$65:$C$264,1)) -> 10 | E69: =IF(B69="","",IF(D69<=$C$11,"Selectionne - "&INDEX($B$15:$U$15,D69),"Reserve")) -> Selectionne - H-010
B70: =IF(6<=$C$10,6,"") -> 6 | C70: =IF(B70="","",RAND()) -> 0.35720671 | D70: =IF(B70="","",RANK(C70,$C$65:$C$264,1)) -> 9 | E70: =IF(B70="","",IF(D70<=$C$11,"Selectionne - "&INDEX($B$15:$U$15,D70),"Reserve")) -> Selectionne - H-009
B71: =IF(7<=$C$10,7,"") -> 7 | C71: =IF(B71="","",RAND()) -> 0.21532281 | D71: =IF(B71="","",RANK(C71,$C$65:$C$264,1)) -> 5 | E71: =IF(B71="","",IF(D71<=$C$11,"Selectionne - "&INDEX($B$15:$U$15,D71),"Reserve")) -> Selectionne - H-005
B72: =IF(8<=$C$10,8,"") -> 8 | C72: =IF(B72="","",RAND()) -> 0.51304975 | D72: =IF(B72="","",RANK(C72,$C$65:$C$264,1)) -> 17 | E72: =IF(B72="","",IF(D72<=$C$11,"Selectionne - "&INDEX($B$15:$U$15,D72),"Reserve")) -> Reserve
B73: =IF(9<=$C$10,9,"") -> 9 | C73: =IF(B73="","",RAND()) -> 0.99666903 | D73: =IF(B73="","",RANK(C73,$C$65:$C$264,1)) -> 25 | E73: =IF(B73="","",IF(D73<=$C$11,"Selectionne - "&INDEX($B$15:$U$15,D73),"Reserve")) -> Reserve
B74: =IF(10<=$C$10,10,"") -> 10 | C74: =IF(B74="","",RAND()) -> 0.5295926 | D74: =IF(B74="","",RANK(C74,$C$65:$C$264,1)) -> 18 | E74: =IF(B74="","",IF(D74<=$C$11,"Selectionne - "&INDEX($B$15:$U$15,D74),"Reserve")) -> Reserve
B75: =IF(11<=$C$10,11,"") -> 11 | C75: =IF(B75="","",RAND()) -> 0.48610549 | D75: =IF(B75="","",RANK(C75,$C$65:$C$264,1)) -> 15 | E75: =IF(B75="","",IF(D75<=$C$11,"Selectionne - "&INDEX($B$15:$U$15,D75),"Reserve")) -> Reserve
B76: =IF(12<=$C$10,12,"") -> 12 | C76: =IF(B76="","",RAND()) -> 0.33012149 | D76: =IF(B76="","",RANK(C76,$C$65:$C$264,1)) -> 7 | E76: =IF(B76="","",IF(D76<=$C$11,"Selectionne - "&INDEX($B$15:$U$15,D76),"Reserve")) -> Selectionne - H-007
B77: =IF(13<=$C$10,13,"") -> 13 | C77: =IF(B77="","",RAND()) -> 0.71077368 | D77: =IF(B77="","",RANK(C77,$C$65:$C$264,1)) -> 22 | E77: =IF(B77="","",IF(D77<=$C$11,"Selectionne - "&INDEX($B$15:$U$15,D77),"Reserve")) -> Reserve
B78: =IF(14<=$C$10,14,"") -> 14 | C78: =IF(B78="","",RAND()) -> 0.58500878 | D78: =IF(B78="","",RANK(C78,$C$65:$C$264,1)) -> 19 | E78: =IF(B78="","",IF(D78<=$C$11,"Selectionne - "&INDEX($B$15:$U$15,D78),"Reserve")) -> Reserve
B79: =IF(15<=$C$10,15,"") -> 15 | C79: =IF(B79="","",RAND()) -> 0.46835979 | D79: =IF(B79="","",RANK(C79,$C$65:$C$264,1)) -> 14 | E79: =IF(B79="","",IF(D79<=$C$11,"Selectionne - "&INDEX($B$15:$U$15,D79),"Reserve")) -> Reserve
B80: =IF(16<=$C$10,16,"") -> 16 | C80: =IF(B80="","",RAND()) -> 0.24052013 | D80: =IF(B80="","",RANK(C80,$C$65:$C$264,1)) -> 6 | E80: =IF(B80="","",IF(D80<=$C$11,"Selectionne - "&INDEX($B$15:$U$15,D80),"Reserve")) -> Selectionne - H-006
B81: =IF(17<=$C$10,17,"") -> 17 | C81: =IF(B81="","",RAND()) -> 0.93986811 | D81: =IF(B81="","",RANK(C81,$C$65:$C$264,1)) -> 24 | E81: =IF(B81="","",IF(D81<=$C$11,"Selectionne - "&INDEX($B$15:$U$15,D81),"Reserve")) -> Reserve
B82: =IF(18<=$C$10,18,"") -> 18 | C82: =IF(B82="","",RAND()) -> 0.33828852 | D82: =IF(B82="","",RANK(C82,$C$65:$C$264,1)) -> 8 | E82: =IF(B82="","",IF(D82<=$C$11,"Selectionne - "&INDEX($B$15:$U$15,D82),"Reserve")) -> Selectionne - H-008
B83: =IF(19<=$C$10,19,"") -> 19 | C83: =IF(B83="","",RAND()) -> 0.15103428 | D83: =IF(B83="","",RANK(C83,$C$65:$C$264,1)) -> 3 | E83: =IF(B83="","",IF(D83<=$C$11,"Selectionne - "&INDEX($B$15:$U$15,D83),"Reserve")) -> Selectionne - H-003
B84: =IF(20<=$C$10,20,"") -> 20 | C84: =IF(B84="","",RAND()) -> 0.51108358 | D84: =IF(B84="","",RANK(C84,$C$65:$C$264,1)) -> 16 | E84: =IF(B84="","",IF(D84<=$C$11,"Selectionne - "&INDEX($B$15:$U$15,D84),"Reserve")) -> Reserve
B85: =IF(21<=$C$10,21,"") -> 21 | C85: =IF(B85="","",RAND()) -> 0.46139095 | D85: =IF(B85="","",RANK(C85,$C$65:$C$264,1)) -> 13 | E85: =IF(B85="","",IF(D85<=$C$11,"Selectionne - "&INDEX($B$15:$U$15,D85),"Reserve")) -> Reserve
B86: =IF(22<=$C$10,22,"") -> 22 | C86: =IF(B86="","",RAND()) -> 0.81627141 | D86: =IF(B86="","",RANK(C86,$C$65:$C$264,1)) -> 23 | E86: =IF(B86="","",IF(D86<=$C$11,"Selectionne - "&INDEX($B$15:$U$15,D86),"Reserve")) -> Reserve
B87: =IF(23<=$C$10,23,"") -> 23 | C87: =IF(B87="","",RAND()) -> 0.71075909 | D87: =IF(B87="","",RANK(C87,$C$65:$C$264,1)) -> 21 | E87: =IF(B87="","",IF(D87<=$C$11,"Selectionne - "&INDEX($B$15:$U$15,D87),"Reserve")) -> Reserve
B88: =IF(24<=$C$10,24,"") -> 24 | C88: =IF(B88="","",RAND()) -> 0.40697661 | D88: =IF(B88="","",RANK(C88,$C$65:$C$264,1)) -> 12 | E88: =IF(B88="","",IF(D88<=$C$11,"Selectionne - "&INDEX($B$15:$U$15,D88),"Reserve")) -> Selectionne - STE-002
B89: =IF(25<=$C$10,25,"") -> 25 | C89: =IF(B89="","",RAND()) -> 0.39950142 | D89: =IF(B89="","",RANK(C89,$C$65:$C$264,1)) -> 11 | E89: =IF(B89="","",IF(D89<=$C$11,"Selectionne - "&INDEX($B$15:$U$15,D89),"Reserve")) -> Selectionne - ST-001
B90: =IF(26<=$C$10,26,"") | C90: =IF(B90="","",RAND()) | D90: =IF(B90="","",RANK(C90,$C$65:$C$264,1)) | E90: =IF(B90="","",IF(D90<=$C$11,"Selectionne - "&INDEX($B$15:$U$15,D90),"Reserve"))
B91: =IF(27<=$C$10,27,"") | C91: =IF(B91="","",RAND()) | D91: =IF(B91="","",RANK(C91,$C$65:$C$264,1)) | E91: =IF(B91="","",IF(D91<=$C$11,"Selectionne - "&INDEX($B$15:$U$15,D91),"Reserve"))
B92: =IF(28<=$C$10,28,"") | C92: =IF(B92="","",RAND()) | D92: =IF(B92="","",RANK(C92,$C$65:$C$264,1)) | E92: =IF(B92="","",IF(D92<=$C$11,"Selectionne - "&INDEX($B$15:$U$15,D92),"Reserve"))
B93: =IF(29<=$C$10,29,"") | C93: =IF(B93="","",RAND()) | D93: =IF(B93="","",RANK(C93,$C$65:$C$264,1)) | E93: =IF(B93="","",IF(D93<=$C$11,"Selectionne - "&INDEX($B$15:$U$15,D93),"Reserve"))
B94: =IF(30<=$C$10,30,"") | C94: =IF(B94="","",RAND()) | D94: =IF(B94="","",RANK(C94,$C$65:$C$264,1)) | E94: =IF(B94="","",IF(D94<=$C$11,"Selectionne - "&INDEX($B$15:$U$15,D94),"Reserve"))
B95: =IF(31<=$C$10,31,"") | C95: =IF(B95="","",RAND()) | D95: =IF(B95="","",RANK(C95,$C$65:$C$264,1)) | E95: =IF(B95="","",IF(D95<=$C$11,"Selectionne - "&INDEX($B$15:$U$15,D95),"Reserve"))
B96: =IF(32<=$C$10,32,"") | C96: =IF(B96="","",RAND()) | D96: =IF(B96="","",RANK(C96,$C$65:$C$264,1)) | E96: =IF(B96="","",IF(D96<=$C$11,"Selectionne - "&INDEX($B$15:$U$15,D96),"Reserve"))
B97: =IF(33<=$C$10,33,"") | C97: =IF(B97="","",RAND()) | D97: =IF(B97="","",RANK(C97,$C$65:$C$264,1)) | E97: =IF(B97="","",IF(D97<=$C$11,"Selectionne - "&INDEX($B$15:$U$15,D97),"Reserve"))
B98: =IF(34<=$C$10,34,"") | C98: =IF(B98="","",RAND()) | D98: =IF(B98="","",RANK(C98,$C$65:$C$264,1)) | E98: =IF(B98="","",IF(D98<=$C$11,"Selectionne - "&INDEX($B$15:$U$15,D98),"Reserve"))
B99: =IF(35<=$C$10,35,"") | C99: =IF(B99="","",RAND()) | D99: =IF(B99="","",RANK(C99,$C$65:$C$264,1)) | E99: =IF(B99="","",IF(D99<=$C$11,"Selectionne - "&INDEX($B$15:$U$15,D99),"Reserve"))
B100: =IF(36<=$C$10,36,"") | C100: =IF(B100="","",RAND()) | D100: =IF(B100="","",RANK(C100,$C$65:$C$264,1)) | E100: =IF(B100="","",IF(D100<=$C$11,"Selectionne - "&INDEX($B$15:$U$15,D100),"Reserve"))
B101: =IF(37<=$C$10,37,"") | C101: =IF(B101="","",RAND()) | D101: =IF(B101="","",RANK(C101,$C$65:$C$264,1)) | E101: =IF(B101="","",IF(D101<=$C$11,"Selectionne - "&INDEX($B$15:$U$15,D101),"Reserve"))
B102: =IF(38<=$C$10,38,"") | C102: =IF(B102="","",RAND()) | D102: =IF(B102="","",RANK(C102,$C$65:$C$264,1)) | E102: =IF(B102="","",IF(D102<=$C$11,"Selectionne - "&INDEX($B$15:$U$15,D102),"Reserve"))
B103: =IF(39<=$C$10,39,"") | C103: =IF(B103="","",RAND()) | D103: =IF(B103="","",RANK(C103,$C$65:$C$264,1)) | E103: =IF(B103="","",IF(D103<=$C$11,"Selectionne - "&INDEX($B$15:$U$15,D103),"Reserve"))
B104: =IF(40<=$C$10,40,"") | C104: =IF(B104="","",RAND()) | D104: =IF(B104="","",RANK(C104,$C$65:$C$264,1)) | E104: =IF(B104="","",IF(D104<=$C$11,"Selectionne - "&INDEX($B$15:$U$15,D104),"Reserve"))
B105: =IF(41<=$C$10,41,"") | C105: =IF(B105="","",RAND()) | D105: =IF(B105="","",RANK(C105,$C$65:$C$264,1)) | E105: =IF(B105="","",IF(D105<=$C$11,"Selectionne - "&INDEX($B$15:$U$15,D105),"Reserve"))
B106: =IF(42<=$C$10,42,"") | C106: =IF(B106="","",RAND()) | D106: =IF(B106="","",RANK(C106,$C$65:$C$264,1)) | E106: =IF(B106="","",IF(D106<=$C$11,"Selectionne - "&INDEX($B$15:$U$15,D106),"Reserve"))
B107: =IF(43<=$C$10,43,"") | C107: =IF(B107="","",RAND()) | D107: =IF(B107="","",RANK(C107,$C$65:$C$264,1)) | E107: =IF(B107="","",IF(D107<=$C$11,"Selectionne - "&INDEX($B$15:$U$15,D107),"Reserve"))
B108: =IF(44<=$C$10,44,"") | C108: =IF(B108="","",RAND()) | D108: =IF(B108="","",RANK(C108,$C$65:$C$264,1)) | E108: =IF(B108="","",IF(D108<=$C$11,"Selectionne - "&INDEX($B$15:$U$15,D108),"Reserve"))
B109: =IF(45<=$C$10,45,"") | C109: =IF(B109="","",RAND()) | D109: =IF(B109="","",RANK(C109,$C$65:$C$264,1)) | E109: =IF(B109="","",IF(D109<=$C$11,"Selectionne - "&INDEX($B$15:$U$15,D109),"Reserve"))
B110: =IF(46<=$C$10,46,"") | C110: =IF(B110="","",RAND()) | D110: =IF(B110="","",RANK(C110,$C$65:$C$264,1)) | E110: =IF(B110="","",IF(D110<=$C$11,"Selectionne - "&INDEX($B$15:$U$15,D110),"Reserve"))
B111: =IF(47<=$C$10,47,"") | C111: =IF(B111="","",RAND()) | D111: =IF(B111="","",RANK(C111,$C$65:$C$264,1)) | E111: =IF(B111="","",IF(D111<=$C$11,"Selectionne - "&INDEX($B$15:$U$15,D111),"Reserve"))
B112: =IF(48<=$C$10,48,"") | C112: =IF(B112="","",RAND()) | D112: =IF(B112="","",RANK(C112,$C$65:$C$264,1)) | E112: =IF(B112="","",IF(D112<=$C$11,"Selectionne - "&INDEX($B$15:$U$15,D112),"Reserve"))
B113: =IF(49<=$C$10,49,"") | C113: =IF(B113="","",RAND()) | D113: =IF(B113="","",RANK(C113,$C$65:$C$264,1)) | E113: =IF(B113="","",IF(D113<=$C$11,"Selectionne - "&INDEX($B$15:$U$15,D113),"Reserve"))
B114: =IF(50<=$C$10,50,"") | C114: =IF(B114="","",RAND()) | D114: =IF(B114="","",RANK(C114,$C$65:$C$264,1)) | E114: =IF(B114="","",IF(D114<=$C$11,"Selectionne - "&INDEX($B$15:$U$15,D114),"Reserve"))
B115: =IF(51<=$C$10,51,"") | C115: =IF(B115="","",RAND()) | D115: =IF(B115="","",RANK(C115,$C$65:$C$264,1)) | E115: =IF(B115="","",IF(D115<=$C$11,"Selectionne - "&INDEX($B$15:$U$15,D115),"Reserve"))
B116: =IF(52<=$C$10,52,"") | C116: =IF(B116="","",RAND()) | D116: =IF(B116="","",RANK(C116,$C$65:$C$264,1)) | E116: =IF(B116="","",IF(D116<=$C$11,"Selectionne - "&INDEX($B$15:$U$15,D116),"Reserve"))
B117: =IF(53<=$C$10,53,"") | C117: =IF(B117="","",RAND()) | D117: =IF(B117="","",RANK(C117,$C$65:$C$264,1)) | E117: =IF(B117="","",IF(D117<=$C$11,"Selectionne - "&INDEX($B$15:$U$15,D117),"Reserve"))
B118: =IF(54<=$C$10,54,"") | C118: =IF(B118="","",RAND()) | D118: =IF(B118="","",RANK(C118,$C$65:$C$264,1)) | E118: =IF(B118="","",IF(D118<=$C$11,"Selectionne - "&INDEX($B$15:$U$15,D118),"Reserve"))
B119: =IF(55<=$C$10,55,"") | C119: =IF(B119="","",RAND()) | D119: =IF(B119="","",RANK(C119,$C$65:$C$264,1)) | E119: =IF(B119="","",IF(D119<=$C$11,"Selectionne - "&INDEX($B$15:$U$15,D119),"Reserve"))
B120: =IF(56<=$C$10,56,"") | C120: =IF(B120="","",RAND()) | D120: =IF(B120="","",RANK(C120,$C$65:$C$264,1)) | E120: =IF(B120="","",IF(D120<=$C$11,"Selectionne - "&INDEX($B$15:$U$15,D120),"Reserve"))
B121: =IF(57<=$C$10,57,"") | C121: =IF(B121="","",RAND()) | D121: =IF(B121="","",RANK(C121,$C$65:$C$264,1)) | E121: =IF(B121="","",IF(D121<=$C$11,"Selectionne - "&INDEX($B$15:$U$15,D121),"Reserve"))
B122: =IF(58<=$C$10,58,"") | C122: =IF(B122="","",RAND()) | D122: =IF(B122="","",RANK(C122,$C$65:$C$264,1)) | E122: =IF(B122="","",IF(D122<=$C$11,"Selectionne - "&INDEX($B$15:$U$15,D122),"Reserve"))
B123: =IF(59<=$C$10,59,"") | C123: =IF(B123="","",RAND()) | D123: =IF(B123="","",RANK(C123,$C$65:$C$264,1)) | E123: =IF(B123="","",IF(D123<=$C$11,"Selectionne - "&INDEX($B$15:$U$15,D123),"Reserve"))
B124: =IF(60<=$C$10,60,"") | C124: =IF(B124="","",RAND()) | D124: =IF(B124="","",RANK(C124,$C$65:$C$264,1)) | E124: =IF(B124="","",IF(D124<=$C$11,"Selectionne - "&INDEX($B$15:$U$15,D124),"Reserve"))
B125: =IF(61<=$C$10,61,"") | C125: =IF(B125="","",RAND()) | D125: =IF(B125="","",RANK(C125,$C$65:$C$264,1)) | E125: =IF(B125="","",IF(D125<=$C$11,"Selectionne - "&INDEX($B$15:$U$15,D125),"Reserve"))
B126: =IF(62<=$C$10,62,"") | C126: =IF(B126="","",RAND()) | D126: =IF(B126="","",RANK(C126,$C$65:$C$264,1)) | E126: =IF(B126="","",IF(D126<=$C$11,"Selectionne - "&INDEX($B$15:$U$15,D126),"Reserve"))
B127: =IF(63<=$C$10,63,"") | C127: =IF(B127="","",RAND()) | D127: =IF(B127="","",RANK(C127,$C$65:$C$264,1)) | E127: =IF(B127="","",IF(D127<=$C$11,"Selectionne - "&INDEX($B$15:$U$15,D127),"Reserve"))
B128: =IF(64<=$C$10,64,"") | C128: =IF(B128="","",RAND()) | D128: =IF(B128="","",RANK(C128,$C$65:$C$264,1)) | E128: =IF(B128="","",IF(D128<=$C$11,"Selectionne - "&INDEX($B$15:$U$15,D128),"Reserve"))
B129: =IF(65<=$C$10,65,"") | C129: =IF(B129="","",RAND()) | D129: =IF(B129="","",RANK(C129,$C$65:$C$264,1)) | E129: =IF(B129="","",IF(D129<=$C$11,"Selectionne - "&INDEX($B$15:$U$15,D129),"Reserve"))
B130: =IF(66<=$C$10,66,"") | C130: =IF(B130="","",RAND()) | D130: =IF(B130="","",RANK(C130,$C$65:$C$264,1)) | E130: =IF(B130="","",IF(D130<=$C$11,"Selectionne - "&INDEX($B$15:$U$15,D130),"Reserve"))
B131: =IF(67<=$C$10,67,"") | C131: =IF(B131="","",RAND()) | D131: =IF(B131="","",RANK(C131,$C$65:$C$264,1)) | E131: =IF(B131="","",IF(D131<=$C$11,"Selectionne - "&INDEX($B$15:$U$15,D131),"Reserve"))
B132: =IF(68<=$C$10,68,"") | C132: =IF(B132="","",RAND()) | D132: =IF(B132="","",RANK(C132,$C$65:$C$264,1)) | E132: =IF(B132="","",IF(D132<=$C$11,"Selectionne - "&INDEX($B$15:$U$15,D132),"Reserve"))
B133: =IF(69<=$C$10,69,"") | C133: =IF(B133="","",RAND()) | D133: =IF(B133="","",RANK(C133,$C$65:$C$264,1)) | E133: =IF(B133="","",IF(D133<=$C$11,"Selectionne - "&INDEX($B$15:$U$15,D133),"Reserve"))
B134: =IF(70<=$C$10,70,"") | C134: =IF(B134="","",RAND()) | D134: =IF(B134="","",RANK(C134,$C$65:$C$264,1)) | E134: =IF(B134="","",IF(D134<=$C$11,"Selectionne - "&INDEX($B$15:$U$15,D134),"Reserve"))
B135: =IF(71<=$C$10,71,"") | C135: =IF(B135="","",RAND()) | D135: =IF(B135="","",RANK(C135,$C$65:$C$264,1)) | E135: =IF(B135="","",IF(D135<=$C$11,"Selectionne - "&INDEX($B$15:$U$15,D135),"Reserve"))
B136: =IF(72<=$C$10,72,"") | C136: =IF(B136="","",RAND()) | D136: =IF(B136="","",RANK(C136,$C$65:$C$264,1)) | E136: =IF(B136="","",IF(D136<=$C$11,"Selectionne - "&INDEX($B$15:$U$15,D136),"Reserve"))
B137: =IF(73<=$C$10,73,"") | C137: =IF(B137="","",RAND()) | D137: =IF(B137="","",RANK(C137,$C$65:$C$264,1)) | E137: =IF(B137="","",IF(D137<=$C$11,"Selectionne - "&INDEX($B$15:$U$15,D137),"Reserve"))
B138: =IF(74<=$C$10,74,"") | C138: =IF(B138="","",RAND()) | D138: =IF(B138="","",RANK(C138,$C$65:$C$264,1)) | E138: =IF(B138="","",IF(D138<=$C$11,"Selectionne - "&INDEX($B$15:$U$15,D138),"Reserve"))
B139: =IF(75<=$C$10,75,"") | C139: =IF(B139="","",RAND()) | D139: =IF(B139="","",RANK(C139,$C$65:$C$264,1)) | E139: =IF(B139="","",IF(D139<=$C$11,"Selectionne - "&INDEX($B$15:$U$15,D139),"Reserve"))
B140: =IF(76<=$C$10,76,"") | C140: =IF(B140="","",RAND()) | D140: =IF(B140="","",RANK(C140,$C$65:$C$264,1)) | E140: =IF(B140="","",IF(D140<=$C$11,"Selectionne - "&INDEX($B$15:$U$15,D140),"Reserve"))
B141: =IF(77<=$C$10,77,"") | C141: =IF(B141="","",RAND()) | D141: =IF(B141="","",RANK(C141,$C$65:$C$264,1)) | E141: =IF(B141="","",IF(D141<=$C$11,"Selectionne - "&INDEX($B$15:$U$15,D141),"Reserve"))
B142: =IF(78<=$C$10,78,"") | C142: =IF(B142="","",RAND()) | D142: =IF(B142="","",RANK(C142,$C$65:$C$264,1)) | E142: =IF(B142="","",IF(D142<=$C$11,"Selectionne - "&INDEX($B$15:$U$15,D142),"Reserve"))
B143: =IF(79<=$C$10,79,"") | C143: =IF(B143="","",RAND()) | D143: =IF(B143="","",RANK(C143,$C$65:$C$264,1)) | E143: =IF(B143="","",IF(D143<=$C$11,"Selectionne - "&INDEX($B$15:$U$15,D143),"Reserve"))
B144: =IF(80<=$C$10,80,"") | C144: =IF(B144="","",RAND()) | D144: =IF(B144="","",RANK(C144,$C$65:$C$264,1)) | E144: =IF(B144="","",IF(D144<=$C$11,"Selectionne - "&INDEX($B$15:$U$15,D144),"Reserve"))
B145: =IF(81<=$C$10,81,"") | C145: =IF(B145="","",RAND()) | D145: =IF(B145="","",RANK(C145,$C$65:$C$264,1)) | E145: =IF(B145="","",IF(D145<=$C$11,"Selectionne - "&INDEX($B$15:$U$15,D145),"Reserve"))
B146: =IF(82<=$C$10,82,"") | C146: =IF(B146="","",RAND()) | D146: =IF(B146="","",RANK(C146,$C$65:$C$264,1)) | E146: =IF(B146="","",IF(D146<=$C$11,"Selectionne - "&INDEX($B$15:$U$15,D146),"Reserve"))
B147: =IF(83<=$C$10,83,"") | C147: =IF(B147="","",RAND()) | D147: =IF(B147="","",RANK(C147,$C$65:$C$264,1)) | E147: =IF(B147="","",IF(D147<=$C$11,"Selectionne - "&INDEX($B$15:$U$15,D147),"Reserve"))
B148: =IF(84<=$C$10,84,"") | C148: =IF(B148="","",RAND()) | D148: =IF(B148="","",RANK(C148,$C$65:$C$264,1)) | E148: =IF(B148="","",IF(D148<=$C$11,"Selectionne - "&INDEX($B$15:$U$15,D148),"Reserve"))
B149: =IF(85<=$C$10,85,"") | C149: =IF(B149="","",RAND()) | D149: =IF(B149="","",RANK(C149,$C$65:$C$264,1)) | E149: =IF(B149="","",IF(D149<=$C$11,"Selectionne - "&INDEX($B$15:$U$15,D149),"Reserve"))
B150: =IF(86<=$C$10,86,"") | C150: =IF(B150="","",RAND()) | D150: =IF(B150="","",RANK(C150,$C$65:$C$264,1)) | E150: =IF(B150="","",IF(D150<=$C$11,"Selectionne - "&INDEX($B$15:$U$15,D150),"Reserve"))
...

Sheet Homogénéité-stabilité-quantita 
AF1: Pas de tendance significative, passez à l'évaulation de l'homognéité
E2: Vérification de l'homogeniété et de la stabilité des échantillons soumises à l'essai d'aptitude | Y2: Réference : FTE 006 Version : 06 du 10/08/2026 Page 3/6 | AF2: Présence de tendance significative, voir annexe B paragraphe. B.2.1.a) de l'ISO 13528 page 49
AF3: Pas de tendance significative, passez à l'évaulation de l'homognéité
AF4: Présence de tendance significative, voir annexe B paragraphe. B.2.1.b) de l'ISO 13528 page 50
AF5: Le rapport sr/σpt est inférieur à 0,5
E6: ESSAIS QUANTITATIFS
AF8: Pas de valeurs aberrantes détectées
E9: Référence de la campagne : | AF9: Le rapport sr/σpt est supérieur ou égal à 0,5
E10: Référence de l'échantillon testé : | AF10: Les échantillons sont homogènes
E11: Méthode testée : | AF11: Les échantillons ne sont pas homogènes
E12: Choix du mode d'expression du σpt Indiquer σpt au niveau I.5) dans le tableau avant de commencer l'évaluation de l'homogénéité et la stabilité: | O12: relatif | AF12: L'échantillon n'est pas homogène, utiliser σ'pt pour évaluer la performance
AF13: L'échantillon n'est pas homogène et le critère n'est pas vérifié
B14: I) Vérification de l'homogénieté des échantillons selon l'ISO 13528 : 2022 Annexe B page 49-53 | AF14: Valeur correcte
AF15: Valeur isolée
B16: I.1) | C16: Date des essais d'homogéniété: | AF16: Valeur abérrante
C17: Nombre d'échantillons ( g ) | F17: =IF(D23="","",COUNT(D23:D42)) | AF17: Les échantillons sont stables
C18: Nombre de prise d'essai ( m ) | F18: =IF(D23="","",COUNT(D23:I23)) | AF18: Les échantillons ne sont pas stables
AF19: L'entité soumise à l'essai n'est pas sensible au transport et ses conditions
B20: Code des rapports TTS | C20: Echantillon par ordre de réalisation des essais | D20: Résultat 1 | E20: Résultat 2 | F20: Résultat 3 | G20: Résultat 4 | H20: Résultat 5 | I20: Résultat 6 | J20: Moyenne x̄t | K20: St² | T20: I.4-a) | AF20: L'entité soumise à l'essai est sensible au transport et ses conditions
T21: Analyse de tendance de la distribution des résultats 1, 2, 3, 4, 5, 6 | AF21: L'entité soumise à l'essai ne risque pas d'être instable jusqu'à la fin de l'essai d'aptitude
AF22: L'entité soumise à l'essai risque d'être instable jusqu'à la fin de l'essai d'aptitude
C23: HO 001 | J23: =IF(D23="","",(1/$F$18)*SUM(D23:I23)) | K23: =IF(D23="","",(1/($F$18-1))*DEVSQ(D23:I23)) | AF23: Les échantillons ne sont pas suffisamment homogènes
C24: HO 002 | J24: =IF(D24="","",(1/$F$18)*SUM(D24:I24)) | K24: =IF(D24="","",(1/($F$18-1))*DEVSQ(D24:I24)) | AF24: Les échantillons sont suffisament homogènes
C25: HO 003 | J25: =IF(D25="","",(1/$F$18)*SUM(D25:I25)) | K25: =IF(D25="","",(1/($F$18-1))*DEVSQ(D25:I25)) | T25: =IF(T22=AF2, "Indiquer le numéro de la fiche d'action", "")
C26: HO 004 | J26: =IF(D26="","",(1/$F$18)*SUM(D26:I26)) | K26: =IF(D26="","",(1/($F$18-1))*DEVSQ(D26:I26)) | AF26: absolu
C27: HO 005 | J27: =IF(D27="","",(1/$F$18)*SUM(D27:I27)) | K27: =IF(D27="","",(1/($F$18-1))*DEVSQ(D27:I27)) | AF27: relatif
C28: HO 006 | J28: =IF(D28="","",(1/$F$18)*SUM(D28:I28)) | K28: =IF(D28="","",(1/($F$18-1))*DEVSQ(D28:I28))
C29: HO 007 | J29: =IF(D29="","",(1/$F$18)*SUM(D29:I29)) | K29: =IF(D29="","",(1/($F$18-1))*DEVSQ(D29:I29))
C30: HO 008 | J30: =IF(D30="","",(1/$F$18)*SUM(D30:I30)) | K30: =IF(D30="","",(1/($F$18-1))*DEVSQ(D30:I30))
C31: HO 009 | J31: =IF(D31="","",(1/$F$18)*SUM(D31:I31)) | K31: =IF(D31="","",(1/($F$18-1))*DEVSQ(D31:I31))
C32: HO 010 | J32: =IF(D32="","",(1/$F$18)*SUM(D32:I32)) | K32: =IF(D32="","",(1/($F$18-1))*DEVSQ(D32:I32))
J33: =IF(D33="","",(1/$F$18)*SUM(D33:I33)) | K33: =IF(D33="","",(1/($F$18-1))*DEVSQ(D33:I33)) | T33: I.4-b)
J34: =IF(D34="","",(1/$F$18)*SUM(D34:I34)) | K34: =IF(D34="","",(1/($F$18-1))*DEVSQ(D34:I34)) | T34: Analyse de tendance de la distribution des moyennes
J35: =IF(D35="","",(1/$F$18)*SUM(D35:I35)) | K35: =IF(D35="","",(1/($F$18-1))*DEVSQ(D35:I35))
J36: =IF(D36="","",(1/$F$18)*SUM(D36:I36)) | K36: =IF(D36="","",(1/($F$18-1))*DEVSQ(D36:I36))
J37: =IF(D37="","",(1/$F$18)*SUM(D37:I37)) | K37: =IF(D37="","",(1/($F$18-1))*DEVSQ(D37:I37))
J38: =IF(D38="","",(1/$F$18)*SUM(D38:I38)) | K38: =IF(D38="","",(1/($F$18-1))*DEVSQ(D38:I38)) | T38: =IF(T35=AF4, "Indiquer le numéro de la fiche d'action", "")
J39: =IF(D39="","",(1/$F$18)*SUM(D39:I39)) | K39: =IF(D39="","",(1/($F$18-1))*DEVSQ(D39:I39))
J40: =IF(D40="","",(1/$F$18)*SUM(D40:I40)) | K40: =IF(D40="","",(1/($F$18-1))*DEVSQ(D40:I40))
J41: =IF(D41="","",(1/$F$18)*SUM(D41:I41)) | K41: =IF(D41="","",(1/($F$18-1))*DEVSQ(D41:I41))
J42: =IF(D42="","",(1/$F$18)*SUM(D42:I42)) | K42: =IF(D42="","",(1/($F$18-1))*DEVSQ(D42:I42))
T44: I.4-c)
B45: I.3) | C45: Exigence du paragraphe B.1.1. de l'ISO 13528:2022 et recommendation 7 du UICPA: 2006 | T45: Appliquer le test de Cochran pour éliminer certains échantillons et les indiquer ci-dessous
C46: Sr : | H46: =IF(D23="","",SQRT(E54)) | T46: ='Test de cochran'!E50
C47: σpt choisi : | H47: =IF(D23="","",IF(R53="σpt absolu",AVERAGE(R54:S60),IF(R53="σpt relatif",(AVERAGE(R54:S60)*E52),"")))
C48: Décision : | H48: =IF(D23="","",IF((H46/H47)<0.5,AF5,AF9)) | AA48: Passer à I.5)
B51: I.5) | C51: Vérification du critère du paragraphe B.2.3 de l'ISO 13528:2022 Annexe B page 50 | K51: I.2) | L51: σpt de TTS dans des compagnes intercomparaison antérieurs/Norme
C52: x̿ | E52: =IF(D23="","",(1/$F$17)*SUM(J23:J42)) | L52: =IF(O11="","",O11)
C53: Sx̄² | E53: =IF(D23="","",1/($F$17-1)*DEVSQ(J23:J42)) | L53: Organisme/ Année | N53: Numéro du rapport | P53: Code échantillon | R53: =IF(O12=AF26, "σpt absolu", IF(O12=AF27,"σpt relatif","")) -> σpt relatif
C54: Sw² | E54: =IF(D23="","",1/$F$17*SUM(K23:K42))
C55: Ss,w² | E55: =IF(D23="","",E53+(1-1/$F$18)*E54)
C56: Ss² | E56: =IF(D23="","",E53-((1/F18)*E54)) | H56: =IF(D23="","",IF(E57=0,"La variance intra-échantillon est supérieur à variance composée",""))
C57: Ss | E57: =IF(D23="","",IF(E56<0,0,SQRT(E56)))
C58: σallow² | E58: =IF(D23="","",(0.3*H47)^2)
C59: F1 | E59: =IF(D23="","",CHIINV(0.05,F17-1)/(F17-1))
C60: F2 | E60: =IF(D23="","",(FINV(0.05,F17-1,F17*(F18-1))-1)/F18)
C61: c | E61: =IF(D23="","",(E59*E58)+(E60*E54))
C62: Décision : | H62: =IF(C63=AF23, "Suivre ISO13528:2022 paragraphe B.2.5 ", "") | AH62: Facteurs F1 et F2 ISO 13528 : 2022 (p50)
C63: =IF(D23="","",IF(E57>SQRT(E61),AF23,AF24))
L64: I.6) | AI64: g | AJ64: F1 | AK64: F2
L65: Décision concernant les critères d'homogénéité selon ISO 13528 : 2020 Annexe B paragraphe B.2. | O65: Paragraphe B.1.1. Ss/σpt < 0,5 | S65: =IF(H48="","",H48) | AI65: 20 | AJ65: 1.59 | AK65: 0.57
C66: =IF(C63=AF23,"Vérification du critère de la formule (18) de l'ISO 13528:2022 page 31 : Critère de tolérance d'une non homogénieté","") | O66: Paragraphe B.2.1.a) Tendance des valeurs individuelles | S66: =IF(T22="","",T22) | AI66: 19 | AJ66: 1.6 | AK66: 0.59
C67: Critère : | H67: =IF(C63=AF23,H47/SQRT(H47^2+E57^2),"") | O67: Paragraphe B.2.1.b) Tendance des moyennes | S67: =IF(T35="","",T35) | AI67: 18 | AJ67: 1.62 | AK67: 0.62
C68: =IF(C63=AF23,"Décision :","") | H68: =IF(C63=AF23,IF(AND(H67>0.96,H67<1),AF12,AF13),"") | O68: Paragraphe B.2.1.c) Test de Cochran (indiquer code échantillon(s) éliminé(s) si réalisé) | S68: =IF(T46="","",T46) | AI68: 17 | AJ68: 1.64 | AK68: 0.64
O69: Paragraphe B.2.3 Ss < √c | S69: =IF(C63="","",C63) | AI69: 16 | AJ69: 1.67 | AK69: 0.68
O70: Critère de tolérance d'une non homogénieté | S70: =IF(H68="","",H68) | AI70: 15 | AJ70: 1.69 | AK70: 0.71
O71: Décision concernant les critères d'homogénéité: | S71: =IF(S65="","",IF(S69=AF24,"Les échantillons sont homogènes selon les critères de l'annexe B de la norme ISO 13528:2022, σpt est à utiliser pour évaluer la performance des participants",IF(AND(S69=AF23,S70=AF13),"L'échantillon n'est pas homogène il faut changer d'entité soumise à l'essai","Un des critères d'homogénéité décrit dans l'annexe B de la norme ISO 13528:2022 n'est pas respecté, σ'pt est à utiliser pour évaluer la performance des participants"))) | AI71: 14 | AJ71: 1.72 | AK71: 0.75
AI72: 13 | AJ72: 1.75 | AK72: 0.8
AI73: 12 | AJ73: 1.79 | AK73: 0.86
AI74: 11 | AJ74: 1.83 | AK74: 0.93
AI75: 10 | AJ75: 1.88 | AK75: 1.01
AI76: 9 | AJ76: 1.94 | AK76: 1.11
B77: II) Vérification de la stabilité des échantillons à la fin de la période du déroulement de l'essai d'aptitude selon l'ISO 13528 : 2022 Annexe B page 53-56 | AI77: 8 | AJ77: 2.01 | AK77: 1.25
AI78: 7 | AJ78: 2.1 | AK78: 1.43
B79: II.1) Vérification de la stabilité à la fin de l'essai d'aptitude
B81: II.1.a) | C81: Date de fin de l'essai d'aptitude
C82: Date des essais de stabilité
C83: Choisir nombre d'échantillons (g entre 2 et 4) | F83: =IF(K88="","",COUNT(K88:K91))
C84: Nombre de prise d'essai ( m ) | F84: =IF(K88="","",COUNT(K88:P88))
I85: II.1.b)
C86: Resultat 1 (avant distribution) = Résultats homogéniété | I86: Code des rapports TTS | J86: Resultat 2 (après distribution) | Q86: st²
J87: Réf échantillon | K87: Résultat 1 | L87: Résultat 2 | M87: Résultat 3 | N87: Résultat 4 | O87: Résultat 5 | P87: Résultat 6
C88: Moyenne | D88: =IF(D23="","",AVERAGE(D23:I42)) | J88: ST001 | Q88: =IF(K88="","",(1/($F$84-1))*DEVSQ(K88:P88))
J89: ST002 | Q89: =IF(K89="","",(1/($F$84-1))*DEVSQ(K89:P89))
C90: Sw=Sr | D90: =IF(D23="","",H46) | Q90: =IF(K90="","",(1/($F$84-1))*DEVSQ(K90:P90))
Q91: =IF(K91="","",(1/($F$84-1))*DEVSQ(K91:P91))
J92: Moyenne | K92: =IF(K88="","",AVERAGE(K88:P91))
J93: Sw | K93: =IF(K88="","",SQRT(1/$F$83*SUM(Q88:Q91)))
C95: Exigence du paragraphe B.4.1.3. de l'ISO 13528:2022 et recommendation 7 du UICPA: 2006 | K95: Exigence du paragraphe B.4.1.3. de l'ISO 13528:2022 et recommendation 7 du UICPA: 2006
C96: =IF(D88="","",H48) | K96: =IF(K88="","",IF((K93/E100)<0.5,"Le rapport sr/σpt est inférieur à 0,5","Le rapport sr/σpt est supérieur ou égal à 0,5"))
C100: σpt choisi : | E100: =IF(D88="","",H47)
C101: Décision de l'essai de stabilité avant et après distribution : | I101: =IF(C102=AF18,"Utiliser Z'score pour l'évaluation de performance des participants", "")
C102: =IF(OR(D88="",K92=""),"",IF(ABS(D88-K92)<=(0.3*E100),"Les échantillons sont stables","Les échantillons ne sont pas stables"))
B106: II.2) Vérification de l'effet de transport sur l'entité soumise à l'essai:
B108: II.2.a) | C108: Date de l'essai d'aptitude: | I108: Décrire comment les conditions de transport sont simulées:
B111: II.2.b) | C111: Dates des essais de stabilité
C112: Choisir nombre d'échantillons ( g entre 2 et 4) | F112: =IF(K117="","",COUNT(K117:K120))
C113: Nombre de prise d'essai ( m ) | F113: =IF(K117="","",COUNT(K117:P117))
J114: II.2.c)
C115: Resultat 1 (avant distribution) = Résultats homogéniété | I115: Code des rapports TTS | J115: Resultat 2 (après distribution) et simulation des conditions de transport | Q115: st²
...

Sheet Test de cochran
E2: Vérification de l'homogeniété et de la stabilité des échantillons soumises à l'essai d'aptitude | M2: Réference : FTE 006 Version : 06 du 10/08/2026 Page 4/6
C6: TEST DE COCHRAN - ESSAIS QUANTITATIFS
D9: Référence de la campagne : | G9: =IF(D19="","",'Homogénéité-stabilité-quantita '!O9)
D10: Référence de l'échantillon testé : | G10: =IF(D19="","",'Homogénéité-stabilité-quantita '!O10)
D11: Méthode testée : | G11: =IF(D19="","",'Homogénéité-stabilité-quantita '!O11)
C13: Nombre d'échantillons ( g ) | F13: =IF(D19="","",COUNT(D19:D38))
C14: Nombre de prise d'essai ( m ) | F14: =IF(D19="","",COUNT(D19:I19))
B16: Code des rapports TTS | C16: Echantillon par ordre de réalisation des essais | D16: Résultat 1 | E16: Résultat 2 | F16: Résultat 3 | G16: Résultat 4 | H16: Résultat 5 | I16: Résultat 6 | J16: Si² | M16: Valeurs critiques pour le test de Cochran ISO 5725-2 : 2019 (p33)
M18: p laboratoires | N18: n=2 | P18: n=3 | R18: n=4 | T18: n=5 | V18: n=6
B19: =IF('Homogénéité-stabilité-quantita '!D23="","",'Homogénéité-stabilité-quantita '!B23) | C19: =IF('Homogénéité-stabilité-quantita '!D23="","",'Homogénéité-stabilité-quantita '!C23) | D19: =IF('Homogénéité-stabilité-quantita '!D23="","",'Homogénéité-stabilité-quantita '!D23) | E19: =IF('Homogénéité-stabilité-quantita '!E23="","",'Homogénéité-stabilité-quantita '!E23) | F19: =IF('Homogénéité-stabilité-quantita '!F23="","",'Homogénéité-stabilité-quantita '!F23) | G19: =IF('Homogénéité-stabilité-quantita '!G23="","",'Homogénéité-stabilité-quantita '!G23) | H19: =IF('Homogénéité-stabilité-quantita '!H23="","",'Homogénéité-stabilité-quantita '!H23) | I19: =IF('Homogénéité-stabilité-quantita '!I23="","",'Homogénéité-stabilité-quantita '!I23) | J19: =IF(D19="","",(STDEV(D19:I19))^2) | K19: =C19 | N19: 0.01 | O19: 0.05 | P19: 0.01 | Q19: 0.05 | R19: 0.01 | S19: 0.05 | T19: 0.01 | U19: 0.05 | V19: 0.01 | W19: 0.05
B20: =IF('Homogénéité-stabilité-quantita '!D24="","",'Homogénéité-stabilité-quantita '!B24) | C20: =IF('Homogénéité-stabilité-quantita '!D24="","",'Homogénéité-stabilité-quantita '!C24) | D20: =IF('Homogénéité-stabilité-quantita '!D24="","",'Homogénéité-stabilité-quantita '!D24) | E20: =IF('Homogénéité-stabilité-quantita '!E24="","",'Homogénéité-stabilité-quantita '!E24) | F20: =IF('Homogénéité-stabilité-quantita '!F24="","",'Homogénéité-stabilité-quantita '!F24) | G20: =IF('Homogénéité-stabilité-quantita '!G24="","",'Homogénéité-stabilité-quantita '!G24) | H20: =IF('Homogénéité-stabilité-quantita '!H24="","",'Homogénéité-stabilité-quantita '!H24) | I20: =IF('Homogénéité-stabilité-quantita '!I24="","",'Homogénéité-stabilité-quantita '!I24) | J20: =IF(D20="","",(STDEV(D20:I20))^2) | K20: =C20 | M20: 2 | N20: - | O20: - | P20: 0.995 | Q20: 0.975 | R20: 0.979 | S20: 0.939 | T20: 0.959 | U20: 0.906 | V20: 0.937 | W20: 0.877
B21: =IF('Homogénéité-stabilité-quantita '!D25="","",'Homogénéité-stabilité-quantita '!B25) | C21: =IF('Homogénéité-stabilité-quantita '!D25="","",'Homogénéité-stabilité-quantita '!C25) | D21: =IF('Homogénéité-stabilité-quantita '!D25="","",'Homogénéité-stabilité-quantita '!D25) | E21: =IF('Homogénéité-stabilité-quantita '!E25="","",'Homogénéité-stabilité-quantita '!E25) | F21: =IF('Homogénéité-stabilité-quantita '!F25="","",'Homogénéité-stabilité-quantita '!F25) | G21: =IF('Homogénéité-stabilité-quantita '!G25="","",'Homogénéité-stabilité-quantita '!G25) | H21: =IF('Homogénéité-stabilité-quantita '!H25="","",'Homogénéité-stabilité-quantita '!H25) | I21: =IF('Homogénéité-stabilité-quantita '!I25="","",'Homogénéité-stabilité-quantita '!I25) | J21: =IF(D21="","",(STDEV(D21:I21))^2) | K21: =C21 | M21: 3 | N21: 0.993 | O21: 0.967 | P21: 0.942 | Q21: 0.871 | R21: 0.883 | S21: 0.798 | T21: 0.834 | U21: 0.746 | V21: 0.793 | W21: 0.707
B22: =IF('Homogénéité-stabilité-quantita '!D26="","",'Homogénéité-stabilité-quantita '!B26) | C22: =IF('Homogénéité-stabilité-quantita '!D26="","",'Homogénéité-stabilité-quantita '!C26) | D22: =IF('Homogénéité-stabilité-quantita '!D26="","",'Homogénéité-stabilité-quantita '!D26) | E22: =IF('Homogénéité-stabilité-quantita '!E26="","",'Homogénéité-stabilité-quantita '!E26) | F22: =IF('Homogénéité-stabilité-quantita '!F26="","",'Homogénéité-stabilité-quantita '!F26) | G22: =IF('Homogénéité-stabilité-quantita '!G26="","",'Homogénéité-stabilité-quantita '!G26) | H22: =IF('Homogénéité-stabilité-quantita '!H26="","",'Homogénéité-stabilité-quantita '!H26) | I22: =IF('Homogénéité-stabilité-quantita '!I26="","",'Homogénéité-stabilité-quantita '!I26) | J22: =IF(D22="","",(STDEV(D22:I22))^2) | K22: =C22 | M22: 4 | N22: 0.968 | O22: 0.906 | P22: 0.864 | Q22: 0.768 | R22: 0.781 | S22: 0.684 | T22: 0.721 | U22: 0.629 | V22: 0.676 | W22: 0.59
B23: =IF('Homogénéité-stabilité-quantita '!D27="","",'Homogénéité-stabilité-quantita '!B27) | C23: =IF('Homogénéité-stabilité-quantita '!D27="","",'Homogénéité-stabilité-quantita '!C27) | D23: =IF('Homogénéité-stabilité-quantita '!D27="","",'Homogénéité-stabilité-quantita '!D27) | E23: =IF('Homogénéité-stabilité-quantita '!E27="","",'Homogénéité-stabilité-quantita '!E27) | F23: =IF('Homogénéité-stabilité-quantita '!F27="","",'Homogénéité-stabilité-quantita '!F27) | G23: =IF('Homogénéité-stabilité-quantita '!G27="","",'Homogénéité-stabilité-quantita '!G27) | H23: =IF('Homogénéité-stabilité-quantita '!H27="","",'Homogénéité-stabilité-quantita '!H27) | I23: =IF('Homogénéité-stabilité-quantita '!I27="","",'Homogénéité-stabilité-quantita '!I27) | J23: =IF(D23="","",(STDEV(D23:I23))^2) | K23: =C23 | M23: 5 | N23: 0.928 | O23: 0.841 | P23: 0.788 | Q23: 0.684 | R23: 0.696 | S23: 0.598 | T23: 0.633 | U23: 0.544 | V23: 0.588 | W23: 0.506
B24: =IF('Homogénéité-stabilité-quantita '!D28="","",'Homogénéité-stabilité-quantita '!B28) | C24: =IF('Homogénéité-stabilité-quantita '!D28="","",'Homogénéité-stabilité-quantita '!C28) | D24: =IF('Homogénéité-stabilité-quantita '!D28="","",'Homogénéité-stabilité-quantita '!D28) | E24: =IF('Homogénéité-stabilité-quantita '!E28="","",'Homogénéité-stabilité-quantita '!E28) | F24: =IF('Homogénéité-stabilité-quantita '!F28="","",'Homogénéité-stabilité-quantita '!F28) | G24: =IF('Homogénéité-stabilité-quantita '!G28="","",'Homogénéité-stabilité-quantita '!G28) | H24: =IF('Homogénéité-stabilité-quantita '!H28="","",'Homogénéité-stabilité-quantita '!H28) | I24: =IF('Homogénéité-stabilité-quantita '!I28="","",'Homogénéité-stabilité-quantita '!I28) | J24: =IF(D24="","",(STDEV(D24:I24))^2) | K24: =C24 | M24: 6 | N24: 0.883 | O24: 0.781 | P24: 0.722 | Q24: 0.616 | R24: 0.626 | S24: 0.532 | T24: 0.564 | U24: 0.48 | V24: 0.52 | W24: 0.445
B25: =IF('Homogénéité-stabilité-quantita '!D29="","",'Homogénéité-stabilité-quantita '!B29) | C25: =IF('Homogénéité-stabilité-quantita '!D29="","",'Homogénéité-stabilité-quantita '!C29) | D25: =IF('Homogénéité-stabilité-quantita '!D29="","",'Homogénéité-stabilité-quantita '!D29) | E25: =IF('Homogénéité-stabilité-quantita '!E29="","",'Homogénéité-stabilité-quantita '!E29) | F25: =IF('Homogénéité-stabilité-quantita '!F29="","",'Homogénéité-stabilité-quantita '!F29) | G25: =IF('Homogénéité-stabilité-quantita '!G29="","",'Homogénéité-stabilité-quantita '!G29) | H25: =IF('Homogénéité-stabilité-quantita '!H29="","",'Homogénéité-stabilité-quantita '!H29) | I25: =IF('Homogénéité-stabilité-quantita '!I29="","",'Homogénéité-stabilité-quantita '!I29) | J25: =IF(D25="","",(STDEV(D25:I25))^2) | K25: =C25 | M25: 7 | N25: 0.838 | O25: 0.727 | P25: 0.664 | Q25: 0.561 | R25: 0.568 | S25: 0.48 | T25: 0.508 | U25: 0.431 | V25: 0.466 | W25: 0.397
B26: =IF('Homogénéité-stabilité-quantita '!D30="","",'Homogénéité-stabilité-quantita '!B30) | C26: =IF('Homogénéité-stabilité-quantita '!D30="","",'Homogénéité-stabilité-quantita '!C30) | D26: =IF('Homogénéité-stabilité-quantita '!D30="","",'Homogénéité-stabilité-quantita '!D30) | E26: =IF('Homogénéité-stabilité-quantita '!E30="","",'Homogénéité-stabilité-quantita '!E30) | F26: =IF('Homogénéité-stabilité-quantita '!F30="","",'Homogénéité-stabilité-quantita '!F30) | G26: =IF('Homogénéité-stabilité-quantita '!G30="","",'Homogénéité-stabilité-quantita '!G30) | H26: =IF('Homogénéité-stabilité-quantita '!H30="","",'Homogénéité-stabilité-quantita '!H30) | I26: =IF('Homogénéité-stabilité-quantita '!I30="","",'Homogénéité-stabilité-quantita '!I30) | J26: =IF(D26="","",(STDEV(D26:I26))^2) | K26: =C26 | M26: 8 | N26: 0.794 | O26: 0.68 | P26: 0.615 | Q26: 0.516 | R26: 0.521 | S26: 0.438 | T26: 0.463 | U26: 0.391 | V26: 0.423 | W26: 0.36
B27: =IF('Homogénéité-stabilité-quantita '!D31="","",'Homogénéité-stabilité-quantita '!B31) | C27: =IF('Homogénéité-stabilité-quantita '!D31="","",'Homogénéité-stabilité-quantita '!C31) | D27: =IF('Homogénéité-stabilité-quantita '!D31="","",'Homogénéité-stabilité-quantita '!D31) | E27: =IF('Homogénéité-stabilité-quantita '!E31="","",'Homogénéité-stabilité-quantita '!E31) | F27: =IF('Homogénéité-stabilité-quantita '!F31="","",'Homogénéité-stabilité-quantita '!F31) | G27: =IF('Homogénéité-stabilité-quantita '!G31="","",'Homogénéité-stabilité-quantita '!G31) | H27: =IF('Homogénéité-stabilité-quantita '!H31="","",'Homogénéité-stabilité-quantita '!H31) | I27: =IF('Homogénéité-stabilité-quantita '!I31="","",'Homogénéité-stabilité-quantita '!I31) | J27: =IF(D27="","",(STDEV(D27:I27))^2) | K27: =C27 | M27: 9 | N27: 0.754 | O27: 0.638 | P27: 0.573 | Q27: 0.478 | R27: 0.481 | S27: 0.403 | T27: 0.425 | U27: 0.358 | V27: 0.387 | W27: 0.329
B28: =IF('Homogénéité-stabilité-quantita '!D32="","",'Homogénéité-stabilité-quantita '!B32) | C28: =IF('Homogénéité-stabilité-quantita '!D32="","",'Homogénéité-stabilité-quantita '!C32) | D28: =IF('Homogénéité-stabilité-quantita '!D32="","",'Homogénéité-stabilité-quantita '!D32) | E28: =IF('Homogénéité-stabilité-quantita '!E32="","",'Homogénéité-stabilité-quantita '!E32) | F28: =IF('Homogénéité-stabilité-quantita '!F32="","",'Homogénéité-stabilité-quantita '!F32) | G28: =IF('Homogénéité-stabilité-quantita '!G32="","",'Homogénéité-stabilité-quantita '!G32) | H28: =IF('Homogénéité-stabilité-quantita '!H32="","",'Homogénéité-stabilité-quantita '!H32) | I28: =IF('Homogénéité-stabilité-quantita '!I32="","",'Homogénéité-stabilité-quantita '!I32) | J28: =IF(D28="","",(STDEV(D28:I28))^2) | K28: =C28 | M28: 10 | N28: 0.718 | O28: 0.602 | P28: 0.536 | Q28: 0.445 | R28: 0.447 | S28: 0.373 | T28: 0.393 | U28: 0.331 | V28: 0.357 | W28: 0.303
B29: =IF('Homogénéité-stabilité-quantita '!D33="","",'Homogénéité-stabilité-quantita '!B33) | C29: =IF('Homogénéité-stabilité-quantita '!D33="","",'Homogénéité-stabilité-quantita '!C33) | D29: =IF('Homogénéité-stabilité-quantita '!D33="","",'Homogénéité-stabilité-quantita '!D33) | E29: =IF('Homogénéité-stabilité-quantita '!E33="","",'Homogénéité-stabilité-quantita '!E33) | F29: =IF('Homogénéité-stabilité-quantita '!F33="","",'Homogénéité-stabilité-quantita '!F33) | G29: =IF('Homogénéité-stabilité-quantita '!G33="","",'Homogénéité-stabilité-quantita '!G33) | H29: =IF('Homogénéité-stabilité-quantita '!H33="","",'Homogénéité-stabilité-quantita '!H33) | I29: =IF('Homogénéité-stabilité-quantita '!I33="","",'Homogénéité-stabilité-quantita '!I33) | J29: =IF(D29="","",(STDEV(D29:I29))^2) | K29: =C29 | M29: 11 | N29: 0.684 | O29: 0.57 | P29: 0.504 | Q29: 0.417 | R29: 0.418 | S29: 0.348 | T29: 0.366 | U29: 0.308 | V29: 0.332 | W29: 0.281
B30: =IF('Homogénéité-stabilité-quantita '!D34="","",'Homogénéité-stabilité-quantita '!B34) | C30: =IF('Homogénéité-stabilité-quantita '!D34="","",'Homogénéité-stabilité-quantita '!C34) | D30: =IF('Homogénéité-stabilité-quantita '!D34="","",'Homogénéité-stabilité-quantita '!D34) | E30: =IF('Homogénéité-stabilité-quantita '!E34="","",'Homogénéité-stabilité-quantita '!E34) | F30: =IF('Homogénéité-stabilité-quantita '!F34="","",'Homogénéité-stabilité-quantita '!F34) | G30: =IF('Homogénéité-stabilité-quantita '!G34="","",'Homogénéité-stabilité-quantita '!G34) | H30: =IF('Homogénéité-stabilité-quantita '!H34="","",'Homogénéité-stabilité-quantita '!H34) | I30: =IF('Homogénéité-stabilité-quantita '!I34="","",'Homogénéité-stabilité-quantita '!I34) | J30: =IF(D30="","",(STDEV(D30:I30))^2) | K30: =C30 | M30: 12 | N30: 0.653 | O30: 0.541 | P30: 0.475 | Q30: 0.392 | R30: 0.392 | S30: 0.326 | T30: 0.343 | U30: 0.288 | V30: 0.31 | W30: 0.262
B31: =IF('Homogénéité-stabilité-quantita '!D35="","",'Homogénéité-stabilité-quantita '!B35) | C31: =IF('Homogénéité-stabilité-quantita '!D35="","",'Homogénéité-stabilité-quantita '!C35) | D31: =IF('Homogénéité-stabilité-quantita '!D35="","",'Homogénéité-stabilité-quantita '!D35) | E31: =IF('Homogénéité-stabilité-quantita '!E35="","",'Homogénéité-stabilité-quantita '!E35) | F31: =IF('Homogénéité-stabilité-quantita '!F35="","",'Homogénéité-stabilité-quantita '!F35) | G31: =IF('Homogénéité-stabilité-quantita '!G35="","",'Homogénéité-stabilité-quantita '!G35) | H31: =IF('Homogénéité-stabilité-quantita '!H35="","",'Homogénéité-stabilité-quantita '!H35) | I31: =IF('Homogénéité-stabilité-quantita '!I35="","",'Homogénéité-stabilité-quantita '!I35) | J31: =IF(D31="","",(STDEV(D31:I31))^2) | K31: =C31 | M31: 13 | N31: 0.624 | O31: 0.515 | P31: 0.45 | Q31: 0.371 | R31: 0.369 | S31: 0.307 | T31: 0.322 | U31: 0.271 | V31: 0.291 | W31: 0.243
B32: =IF('Homogénéité-stabilité-quantita '!D36="","",'Homogénéité-stabilité-quantita '!B36) | C32: =IF('Homogénéité-stabilité-quantita '!D36="","",'Homogénéité-stabilité-quantita '!C36) | D32: =IF('Homogénéité-stabilité-quantita '!D36="","",'Homogénéité-stabilité-quantita '!D36) | E32: =IF('Homogénéité-stabilité-quantita '!E36="","",'Homogénéité-stabilité-quantita '!E36) | F32: =IF('Homogénéité-stabilité-quantita '!F36="","",'Homogénéité-stabilité-quantita '!F36) | G32: =IF('Homogénéité-stabilité-quantita '!G36="","",'Homogénéité-stabilité-quantita '!G36) | H32: =IF('Homogénéité-stabilité-quantita '!H36="","",'Homogénéité-stabilité-quantita '!H36) | I32: =IF('Homogénéité-stabilité-quantita '!I36="","",'Homogénéité-stabilité-quantita '!I36) | J32: =IF(D32="","",(STDEV(D32:I32))^2) | K32: =C32 | M32: 14 | N32: 0.599 | O32: 0.492 | P32: 0.427 | Q32: 0.352 | R32: 0.349 | S32: 0.291 | T32: 0.304 | U32: 0.255 | V32: 0.274 | W32: 0.232
... B38: =IF('Homogénéité-stabilité-quantita '!D42="","",'Homogénéité-stabilité-quantita '!B42) | C38: =IF('Homogénéité-stabilité-quantita '!D42="","",'Homogénéité-stabilité-quantita '!C42) | D38: =IF('Homogénéité-stabilité-quantita '!D42="","",'Homogénéité-stabilité-quantita '!D42) | E38: =IF('Homogénéité-stabilité-quantita '!E42="","",'Homogénéité-stabilité-quantita '!E42) | F38: =IF('Homogénéité-stabilité-quantita '!F42="","",'Homogénéité-stabilité-quantita '!F42) | G38: =IF('Homogénéité-stabilité-quantita '!G42="","",'Homogénéité-stabilité-quantita '!G42) | H38: =IF('Homogénéité-stabilité-quantita '!H42="","",'Homogénéité-stabilité-quantita '!H42) | I38: =IF('Homogénéité-stabilité-quantita '!I42="","",'Homogénéité-stabilité-quantita '!I42) | J38: =IF(D38="","",(STDEV(D38:I38))^2) | K38: =C38 | M38: 20 | N38: 0.48 | O38: 0.389 | P38: 0.33 | Q38: 0.27 | R38: 0.265 | S38: 0.22 | T38: 0.229 | U38: 0.192 | V38: 0.205 | W38: 0.174
C41: Test de Cochran
C42: Vérification | E42: 1
C43: Somme Si² | E43: =IF(D19="","",SUM(J19:J38))
C44: Si²max | E44: =IF(D19="","",MAX(J19:J38))
C45: C | E45: =IF(D19="","",E44/E43)
C46: G critique (1%) | E46: =IF(D19="","",IF(F14=2,VLOOKUP(F13,M20:O38,2,FALSE),IF(F14=3,VLOOKUP(F13,M20:Q38,4,FALSE),IF(F14=4,VLOOKUP(F13,M20:S38,6,FALSE),IF(F14=5,VLOOKUP(F13,M20:U38,8,FALSE),IF(F14=6,VLOOKUP(F13,M20:W38,10,FALSE)))))))
C47: G critique (5%) | E47: =IF(D19="","",IF(F14=2,VLOOKUP(F13,M20:O38,3,FALSE),IF(F14=3,VLOOKUP(F13,M20:Q38,5,FALSE),IF(F14=4,VLOOKUP(F13,M20:S38,7,FALSE),IF(F14=5,VLOOKUP(F13,M20:U38,9,FALSE),IF(F14=6,VLOOKUP(F13,M20:W38,11,FALSE)))))))
C48: Décision | E48: =IF(D19="","",IF(E45<=E47,"Si² correcte",IF(AND(E45>E47,E45<=E46),"Si² isolée","Si² abérrante")))
C49: Valeurs maximales Si | E49: =IF(D19="","",MAX(J19:J38))
C50: Echantillon à éliminer | E50: =IF(D19="","",IF(OR(E48="Si² correcte",E48="Si² isolée"),"Pas de valeurs aberrantes détectées",VLOOKUP(E49,J19:K38,2,0)))
B55: Adresse : BP53 Zone Industrielle Technopole Menzel Harb 5036 TUNISIE Tél : +216 70 146 260 Fax : +216 70 146 269 Mail : info@ttesting.org Page 1/1

Sheet Homogénéité-stabilité-qualita
AB1: Mode
E2: Vérification de l'homogeniété et de la stabilité des échantillons soumises à l'essai d'aptitude | U2: Réference : FTE 006 Version : 06 du 10/08/2026 Page 5/6 | AB2: Médiane
AB3: NOT OK
AB4: Les échantillons ne sont pas homogènes; éliminer les résultats indiqués en rouge. Ne pas éliminer plus que 1 résultat
AB5: Les échantillons sont homogènes
C6: ESSAIS QUALITATIFS ORDINALES | AB6: L'écart entre les valeurs min et max est important vérifier ou si possible remplacer par d'autres résultats
AB7: Les échantillons sont stables
AB8: OK
C10: Référence de la campagne :
C11: Référence de l'échantillon testé :
C12: Méthode testée :
C13: Médiane ou mode? | I13: Médiane | K13: =IF(G25="","",IF(I13=AB1,G36,IF(I13=AB2,G37,"Indiquer Médiane ou Mode")))
C14: ± classe de différence par rapport à la valeur assignée :
C16: I) Vérification de l'homogénieté des échantillons selon l'ISO/IEC 17043: 2023 Annexe B.2.4 page 32
C18: Date des essais d'homogéniété:
C19: Nombre d'échantillons ( g ): | G19: =IF(G25="","",COUNT(G25:G34))
C20: Nombre de prise d'essai ( m ): | G20: =IF(G25="","",COUNT(G25:L25))
C22: Code des rapports TTS | E22: Code d'échantillons d'homogénéité | G22: Résultat 1 | H22: Résultat 2 | I22: Résultat 3 | J22: Résultat 4 | K22: Résultat 5 | L22: Résultat 6 | M22: Décision Résultat 1 | N22: Décision Résultat 2 | O22: Décision Résultat 3 | P22: Décision Résultat 4 | Q22: Décision Résultat 5 | R22: Décision Résultat 6 | S22: Valeur maximale | T22: Valeur minimale | U22: lValeur maximale - valeur minimalel
E25: HO 001 | M25: =IF(G25="","",IF(ABS(G25-$K$13)>$I$14,"NOT OK", "OK")) | N25: =IF(H25="","",IF(ABS(H25-$K$13)>$I$14,"NOT OK", "OK")) | O25: =IF(I25="","",IF(ABS(I25-$K$13)>$I$14,"NOT OK", "OK")) | P25: =IF(J25="","",IF(ABS(J25-$K$13)>$I$14,"NOT OK", "OK")) | Q25: =IF(K25="","",IF(ABS(K25-$K$13)>$I$14,"NOT OK", "OK")) | R25: =IF(L25="","",IF(ABS(L25-$K$13)>$I$14,"NOT OK", "OK")) | S25: =IF(G25="","",MAX(G25:L25)) | T25: =IF(G25="","",MIN(G25:L25)) | U25: =IF(G25="","",ABS(S25-T25))
E26: HO 002 | M26: =IF(G26="","",IF(ABS(G26-$K$13)>$I$14,"NOT OK", "OK")) | N26: =IF(H26="","",IF(ABS(H26-$K$13)>$I$14,"NOT OK", "OK")) | O26: =IF(I26="","",IF(ABS(I26-$K$13)>$I$14,"NOT OK", "OK")) | P26: =IF(J26="","",IF(ABS(J26-$K$13)>$I$14,"NOT OK", "OK")) | Q26: =IF(K26="","",IF(ABS(K26-$K$13)>$I$14,"NOT OK", "OK")) | R26: =IF(L26="","",IF(ABS(L26-$K$13)>$I$14,"NOT OK", "OK")) | S26: =IF(G26="","",MAX(G26:L26)) | T26: =IF(G26="","",MIN(G26:L26)) | U26: =IF(G26="","",ABS(S26-T26))
E27: HO 003 | M27: =IF(G27="","",IF(ABS(G27-$K$13)>$I$14,"NOT OK", "OK")) | N27: =IF(H27="","",IF(ABS(H27-$K$13)>$I$14,"NOT OK", "OK")) | O27: =IF(I27="","",IF(ABS(I27-$K$13)>$I$14,"NOT OK", "OK")) | P27: =IF(J27="","",IF(ABS(J27-$K$13)>$I$14,"NOT OK", "OK")) | Q27: =IF(K27="","",IF(ABS(K27-$K$13)>$I$14,"NOT OK", "OK")) | R27: =IF(L27="","",IF(ABS(L27-$K$13)>$I$14,"NOT OK", "OK")) | S27: =IF(G27="","",MAX(G27:L27)) | T27: =IF(G27="","",MIN(G27:L27)) | U27: =IF(G27="","",ABS(S27-T27))
E28: HO 004 | M28: =IF(G28="","",IF(ABS(G28-$K$13)>$I$14,"NOT OK", "OK")) | N28: =IF(H28="","",IF(ABS(H28-$K$13)>$I$14,"NOT OK", "OK")) | O28: =IF(I28="","",IF(ABS(I28-$K$13)>$I$14,"NOT OK", "OK")) | P28: =IF(J28="","",IF(ABS(J28-$K$13)>$I$14,"NOT OK", "OK")) | Q28: =IF(K28="","",IF(ABS(K28-$K$13)>$I$14,"NOT OK", "OK")) | R28: =IF(L28="","",IF(ABS(L28-$K$13)>$I$14,"NOT OK", "OK")) | S28: =IF(G28="","",MAX(G28:L28)) | T28: =IF(G28="","",MIN(G28:L28)) | U28: =IF(G28="","",ABS(S28-T28))
E29: HO 005 | M29: =IF(G29="","",IF(ABS(G29-$K$13)>$I$14,"NOT OK", "OK")) | N29: =IF(H29="","",IF(ABS(H29-$K$13)>$I$14,"NOT OK", "OK")) | O29: =IF(I29="","",IF(ABS(I29-$K$13)>$I$14,"NOT OK", "OK")) | P29: =IF(J29="","",IF(ABS(J29-$K$13)>$I$14,"NOT OK", "OK")) | Q29: =IF(K29="","",IF(ABS(K29-$K$13)>$I$14,"NOT OK", "OK")) | R29: =IF(L29="","",IF(ABS(L29-$K$13)>$I$14,"NOT OK", "OK")) | S29: =IF(G29="","",MAX(G29:L29)) | T29: =IF(G29="","",MIN(G29:L29)) | U29: =IF(G29="","",ABS(S29-T29))
E30: HO 006 | M30: =IF(G30="","",IF(ABS(G30-$K$13)>$I$14,"NOT OK", "OK")) | N30: =IF(H30="","",IF(ABS(H30-$K$13)>$I$14,"NOT OK", "OK")) | O30: =IF(I30="","",IF(ABS(I30-$K$13)>$I$14,"NOT OK", "OK")) | P30: =IF(J30="","",IF(ABS(J30-$K$13)>$I$14,"NOT OK", "OK")) | Q30: =IF(K30="","",IF(ABS(K30-$K$13)>$I$14,"NOT OK", "OK")) | R30: =IF(L30="","",IF(ABS(L30-$K$13)>$I$14,"NOT OK", "OK")) | S30: =IF(G30="","",MAX(G30:L30)) | T30: =IF(G30="","",MIN(G30:L30)) | U30: =IF(G30="","",ABS(S30-T30))
E31: HO 007 | M31: =IF(G31="","",IF(ABS(G31-$K$13)>$I$14,"NOT OK", "OK")) | N31: =IF(H31="","",IF(ABS(H31-$K$13)>$I$14,"NOT OK", "OK")) | O31: =IF(I31="","",IF(ABS(I31-$K$13)>$I$14,"NOT OK", "OK")) | P31: =IF(J31="","",IF(ABS(J31-$K$13)>$I$14,"NOT OK", "OK")) | Q31: =IF(K31="","",IF(ABS(K31-$K$13)>$I$14,"NOT OK", "OK")) | R31: =IF(L31="","",IF(ABS(L31-$K$13)>$I$14,"NOT OK", "OK")) | S31: =IF(G31="","",MAX(G31:L31)) | T31: =IF(G31="","",MIN(G31:L31)) | U31: =IF(G31="","",ABS(S31-T31))
E32: HO 008 | M32: =IF(G32="","",IF(ABS(G32-$K$13)>$I$14,"NOT OK", "OK")) | N32: =IF(H32="","",IF(ABS(H32-$K$13)>$I$14,"NOT OK", "OK")) | O32: =IF(I32="","",IF(ABS(I32-$K$13)>$I$14,"NOT OK", "OK")) | P32: =IF(J32="","",IF(ABS(J32-$K$13)>$I$14,"NOT OK", "OK")) | Q32: =IF(K32="","",IF(ABS(K32-$K$13)>$I$14,"NOT OK", "OK")) | R32: =IF(L32="","",IF(ABS(L32-$K$13)>$I$14,"NOT OK", "OK")) | S32: =IF(G32="","",MAX(G32:L32)) | T32: =IF(G32="","",MIN(G32:L32)) | U32: =IF(G32="","",ABS(S32-T32))
E33: HO 009 | M33: =IF(G33="","",IF(ABS(G33-$K$13)>$I$14,"NOT OK", "OK")) | N33: =IF(H33="","",IF(ABS(H33-$K$13)>$I$14,"NOT OK", "OK")) | O33: =IF(I33="","",IF(ABS(I33-$K$13)>$I$14,"NOT OK", "OK")) | P33: =IF(J33="","",IF(ABS(J33-$K$13)>$I$14,"NOT OK", "OK")) | Q33: =IF(K33="","",IF(ABS(K33-$K$13)>$I$14,"NOT OK", "OK")) | R33: =IF(L33="","",IF(ABS(L33-$K$13)>$I$14,"NOT OK", "OK")) | S33: =IF(G33="","",MAX(G33:L33)) | T33: =IF(G33="","",MIN(G33:L33)) | U33: =IF(G33="","",ABS(S33-T33))
E34: HO 010 | M34: =IF(G34="","",IF(ABS(G34-$K$13)>$I$14,"NOT OK", "OK")) | N34: =IF(H34="","",IF(ABS(H34-$K$13)>$I$14,"NOT OK", "OK")) | O34: =IF(I34="","",IF(ABS(I34-$K$13)>$I$14,"NOT OK", "OK")) | P34: =IF(J34="","",IF(ABS(J34-$K$13)>$I$14,"NOT OK", "OK")) | Q34: =IF(K34="","",IF(ABS(K34-$K$13)>$I$14,"NOT OK", "OK")) | R34: =IF(L34="","",IF(ABS(L34-$K$13)>$I$14,"NOT OK", "OK")) | S34: =IF(G34="","",MAX(G34:L34)) | T34: =IF(G34="","",MIN(G34:L34)) | U34: =IF(G34="","",ABS(S34-T34))
C36: Mode: | G36: =IF(C25="","",_xlfn.MODE.SNGL(G25:L34))
C37: Médiane: | G37: =IF(C25="","",MEDIAN(G25:L34))
C38: Décision sur l'homogénéité de l'entité souumise à l'Ed'A: | G38: =IF(G25="","", IF(AND(OR(M25=$AB$8,M25=""),OR(M26=$AB$8,M26=""),OR(M27=$AB$8,M27=""),OR(M28=$AB$8,M28=""),OR(M29=$AB$8,M29=""),OR(M30=$AB$8,M30=""),OR(M31=$AB$8,M31=""),OR(M32=$AB$8,M32=""),OR(M33=$AB$8,M33=""),OR(M34=$AB$8,M34=""),OR(N25=$AB$8,N25=""),OR(N26=$AB$8,N26=""),OR(N27=$AB$8,N27=""),OR(N28=$AB$8,N28=""),OR(N29=$AB$8,N29=""),OR(N30=$AB$8,N30=""),OR(N31=$AB$8,N31=""),OR(N32=$AB$8,N32=""),OR(N33=$AB$8,N33=""),OR(N34=$AB$8,N34=""),OR(O25=$AB$8,O25=""),OR(O26=$AB$8,O26=""),OR(O27=$AB$8,O27=""),OR(O28=$AB$8,O28=""),OR(O29=$AB$8,O29=""),OR(O30=$AB$8,O30=""),OR(O31=$AB$8,O31=""),OR(O32=$AB$8,O32=""),OR(O33=$AB$8,O33=""),OR(O34=$AB$8,O34=""),OR(P25=$AB$8,P25=""),OR(P26=$AB$8,P26=""),OR(P27=$AB$8,P27=""),OR(P28=$AB$8,P28=""),OR(P29=$AB$8,P29=""),OR(P30=$AB$8,P30=""),OR(P31=$AB$8,P31=""),OR(P32=$AB$8,P32=""),OR(P33=$AB$8,P33=""),OR(P34=$AB$8,P34=""),OR(Q25=$AB$8,Q25=""),OR(Q26=$AB$8,Q26=""),OR(Q27=$AB$8,Q27=""),OR(Q28=$AB$8,Q28=""),OR(Q29=$AB$8,Q29=""),OR(Q30=$AB$8,Q30=""),OR(Q31=$AB$8,Q31=""),OR(Q32=$AB$8,Q32=""),OR(Q33=$AB$8,Q33=""),OR(Q34=$AB$8,Q34=""),OR(R25=$AB$8,R25=""),OR(R26=$AB$8,R26=""),OR(R27=$AB$8,R27=""),OR(R28=$AB$8,R28=""),OR(R29=$AB$8,R29=""),OR(R30=$AB$8,R30=""),OR(R31=$AB$8,R31=""),OR(R32=$AB$8,R32=""),OR(R33=$AB$8,R33=""),OR(R34=$AB$8, R34=""),OR(U25<=$I$14,U25=""),OR(U26<=$I$14,U26=""),OR(U27<=$I$14,U27=""),OR(U28<=$I$14,U28=""),OR(U29<=$I$14,U29=""),OR(U30<=$I$14,U30=""),OR(U31<=$I$14,U31=""),OR(U32<=$I$14,U32=""),OR(U33<=$I$14,U33=""),OR(U34<=$I$14,U34="")),"Les échantillons sont homogènes", "Les échantillons ne sont pas homogènes; éliminer les résultats indiqués en rouge. Ne pas éliminer plus que 1 résultat"))
C44: Résultat éliminé s'il y'a lieu :
C46: II) Vérification de la stabilité des échantillons à la fin de la période du déroulement de l'essai d'aptitude selon l'ISO/IEC 17043: 2023 Annexe B.2.4 page 32
C48: II.1) Vérification de la stabilité à la fin de l'essai d'aptitude
C50: Date de fin de l'essai d'aptitude
C51: Date des essais de stabilité
C52: Choisir nombre d'échantillons ( g ) | G52: =IF(G62="","",COUNT(G62:G65))
C53: Nombre de prise d'essai ( m ) | G53: =IF(G62="","",COUNT(G62:L62))
C55: Résultats avant distribution des entités soumises à l'Ed'A = Résultats homogénéité
C56: Mode : | H56: =IF(C25="","",G36)
C57: Médiane : | H57: =IF(C25="","",G37)
C58: Résultats après distribution des entités soumises à l'Ed'A
C59: Code des rapports TTS | E59: Code d'échantillons d'homogénéité | G59: Résultat 1 | H59: Résultat 2 | I59: Résultat 3 | J59: Résultat 4 | K59: Résultat 5 | L59: Résultat 6 | M59: Décision Résultat 1 | N59: Décision Résultat 2 | O59: Décision Résultat 3 | P59: Décision Résultat 4 | Q59: Décision Résultat 5 | R59: Décision Résultat 6 | S59: Valeur maximale | T59: Valeur minimale | U59: lValeur maximale - valeur minimalel | W59: Mode: | AA59: =IF(G62="","",_xlfn.MODE.SNGL(G62:L65))
W60: Médiane: | AA60: =IF(G62="","",MEDIAN(G62:L65))
W61: Décision pour les résultats après distribution des entités soumises à l'Ed'A: | AA61: =IF(G62="","", IF(AND(OR(M62=$AB$8,M62=""),OR(M63=$AB$8,M63=""),OR(M64=$AB$8,M64=""),OR(M65=$AB$8,M65=""),OR(N62=$AB$8,N62=""),OR(N63=$AB$8,N63=""),OR(N64=$AB$8,N64=""),OR(N65=$AB$8,N65=""),OR(O62=$AB$8,O62=""),OR(O63=$AB$8,O63=""),OR(O64=$AB$8,O64=""),OR(O65=$AB$8,O65=""),OR(P62=$AB$8,P62=""),OR(P63=$AB$8,P63=""),OR(P64=$AB$8,P64=""),OR(P65=$AB$8,P65=""),OR(Q62=$AB$8,Q62=""),OR(Q63=$AB$8,Q63=""),OR(Q64=$AB$8,Q64=""),OR(Q65=$AB$8,Q65=""),OR(R62=$AB$8,R62=""),OR(R63=$AB$8,R63=""),OR(R64=$AB$8,R64=""),OR(R65=$AB$8,R65=""),OR(U62<=$I$14,U62=""),OR(U63<=$I$14,U63=""),OR(U64<=$I$14,U64=""),OR(U65<=$I$14,U65="")),AB7, AB6))
M62: =IF(G62="","",IF(ABS(G62-$K$13)>$I$14,"NOT OK", "OK")) | N62: =IF(H62="","",IF(ABS(H62-$K$13)>$I$14,"NOT OK", "OK")) | O62: =IF(I62="","",IF(ABS(I62-$K$13)>$I$14,"NOT OK", "OK")) | P62: =IF(J62="","",IF(ABS(J62-$K$13)>$I$14,"NOT OK", "OK")) | Q62: =IF(K62="","",IF(ABS(K62-$K$13)>$I$14,"NOT OK", "OK")) | R62: =IF(L62="","",IF(ABS(L62-$K$13)>$I$14,"NOT OK", "OK")) | S62: =IF(G62="","",MAX(G62:L62)) | T62: =IF(G62="","",MIN(G62:L62)) | U62: =IF(G62="","",ABS(S62-T62))
M63: =IF(G63="","",IF(ABS(G63-$K$13)>$I$14,"NOT OK", "OK")) | N63: =IF(H63="","",IF(ABS(H63-$K$13)>$I$14,"NOT OK", "OK")) | O63: =IF(I63="","",IF(ABS(I63-$K$13)>$I$14,"NOT OK", "OK")) | P63: =IF(J63="","",IF(ABS(J63-$K$13)>$I$14,"NOT OK", "OK")) | Q63: =IF(K63="","",IF(ABS(K63-$K$13)>$I$14,"NOT OK", "OK")) | R63: =IF(L63="","",IF(ABS(L63-$K$13)>$I$14,"NOT OK", "OK")) | S63: =IF(G63="","",MAX(G63:L63)) | T63: =IF(G63="","",MIN(G63:L63)) | U63: =IF(G63="","",ABS(S63-T63))
M64: =IF(G64="","",IF(ABS(G64-$K$13)>$I$14,"NOT OK", "OK")) | N64: =IF(H64="","",IF(ABS(H64-$K$13)>$I$14,"NOT OK", "OK")) | O64: =IF(I64="","",IF(ABS(I64-$K$13)>$I$14,"NOT OK", "OK")) | P64: =IF(J64="","",IF(ABS(J64-$K$13)>$I$14,"NOT OK", "OK")) | Q64: =IF(K64="","",IF(ABS(K64-$K$13)>$I$14,"NOT OK", "OK")) | R64: =IF(L64="","",IF(ABS(L64-$K$13)>$I$14,"NOT OK", "OK")) | S64: =IF(G64="","",MAX(G64:L64)) | T64: =IF(G64="","",MIN(G64:L64)) | U64: =IF(G64="","",ABS(S64-T64))
M65: =IF(G65="","",IF(ABS(G65-$K$13)>$I$14,"NOT OK", "OK")) | N65: =IF(H65="","",IF(ABS(H65-$K$13)>$I$14,"NOT OK", "OK")) | O65: =IF(I65="","",IF(ABS(I65-$K$13)>$I$14,"NOT OK", "OK")) | P65: =IF(J65="","",IF(ABS(J65-$K$13)>$I$14,"NOT OK", "OK")) | Q65: =IF(K65="","",IF(ABS(K65-$K$13)>$I$14,"NOT OK", "OK")) | R65: =IF(L65="","",IF(ABS(L65-$K$13)>$I$14,"NOT OK", "OK")) | S65: =IF(G65="","",MAX(G65:L65)) | T65: =IF(G65="","",MIN(G65:L65)) | U65: =IF(G65="","",ABS(S65-T65))
C67: Décision Mode: | G67: =IF(G62="","",IF(ABS(AA59-H56)>$I$14, "Les échantillons ne sont pas stables", "Les échantillons sont stables"))
C68: Décison Médiane: | G68: =IF(G62="","",IF(ABS(AA60-H57)>$I$14, "Les échantillons ne sont pas stables", "Les échantillons sont stables"))
C69: Décision sur la stabilité des entités soumises à l'Ed'A entre le début et la fin de la compagne: | G69: =IF(G62="","", IF(I13=AB1, G67, IF(I13=AB2, G68)))
C74: II.2) Vérification de la stabilité au cours du stockage
C76: Date de fin de l'essai d'aptitude
C77: Date des essais de stabilité N° 1
C78: Date des essais de stabilité N° 2
C79: Date des essais de stabilité N° 3
C80: Date des essais de stabilité après la fin de la compagne
C81: Choisir nombre d'échantillons ( g ) | H81: =IF(G91="","",COUNT(G91:G94))
C82: Nombre de prise d'essai ( m ) | H82: =IF(G91="","",COUNT(G91:L91))
C84: Résultats avant distribution des entités soumises à l'Ed'A = Résultats homogénéité
C85: Mode : | H85: =IF(C25="","",G36)
C86: Médiane : | H86: =IF(C25="","",G37)
C87: Résultats après distribution des entités soumises à l'Ed'A pour essai de stabilité N°1
C88: Code des rapports TTS | E88: Code d'échantillons d'homogénéité | G88: Résultat 1 | H88: Résultat 2 | I88: Résultat 3 | J88: Résultat 4 | K88: Résultat 5 | L88: Résultat 6 | M88: Décision Résultat 1 | N88: Décision Résultat 2 | O88: Décision Résultat 3 | P88: Décision Résultat 4 | Q88: Décision Résultat 5 | R88: Décision Résultat 6 | S88: Valeur maximale | T88: Valeur minimale | U88: lValeur maximale - valeur minimalel | W88: Mode: | AA88: =IF(G91="","",_xlfn.MODE.SNGL(G91:L94))
W89: Médiane: | AA89: =IF(G91="","",MEDIAN(G91:L94))
W90: Décision pour les résultats de l'essai de stabilité N°1: | AA90: =IF(G91="","", IF(AND(OR(M91=$AB$8,M91=""),OR(M92=$AB$8,M92=""),OR(M93=$AB$8,M93=""),OR(M94=$AB$8,M94=""),OR(N91=$AB$8,N91=""),OR(N92=$AB$8,N92=""),OR(N93=$AB$8,N93=""),OR(N94=$AB$8,N94=""),OR(O91=$AB$8,O91=""),OR(O92=$AB$8,O92=""),OR(O93=$AB$8,O93=""),OR(O94=$AB$8,O94=""),OR(P91=$AB$8,P91=""),OR(P92=$AB$8,P92=""),OR(P93=$AB$8,P93=""),OR(P94=$AB$8,P94=""),OR(Q91=$AB$8,Q91=""),OR(Q92=$AB$8,Q92=""),OR(Q93=$AB$8,Q93=""),OR(Q94=$AB$8,Q94=""),OR(R91=$AB$8,R91=""),OR(R92=$AB$8,R92=""),OR(R93=$AB$8,R93=""),OR(R94=$AB$8,R94=""),OR(U91<=$I$14,U91=""),OR(U92<=$I$14,U92=""),OR(U93<=$I$14,U93=""),OR(U94<=$I$14,U94="")),$AB$7, $AB$6))
M91: =IF(G91="","",IF(ABS(G91-$K$13)>$I$14,"NOT OK", "OK")) | N91: =IF(H91="","",IF(ABS(H91-$K$13)>$I$14,"NOT OK", "OK")) | O91: =IF(I91="","",IF(ABS(I91-$K$13)>$I$14,"NOT OK", "OK")) | P91: =IF(J91="","",IF(ABS(J91-$K$13)>$I$14,"NOT OK", "OK")) | Q91: =IF(K91="","",IF(ABS(K91-$K$13)>$I$14,"NOT OK", "OK")) | R91: =IF(L91="","",IF(ABS(L91-$K$13)>$I$14,"NOT OK", "OK")) | S91: =IF(G91="","",MAX(G91:L91)) | T91: =IF(G91="","",MIN(G91:L91)) | U91: =IF(G91="","",ABS(S91-T91))
M92: =IF(G92="","",IF(ABS(G92-$K$13)>$I$14,"NOT OK", "OK")) | N92: =IF(H92="","",IF(ABS(H92-$K$13)>$I$14,"NOT OK", "OK")) | O92: =IF(I92="","",IF(ABS(I92-$K$13)>$I$14,"NOT OK", "OK")) | P92: =IF(J92="","",IF(ABS(J92-$K$13)>$I$14,"NOT OK", "OK")) | Q92: =IF(K92="","",IF(ABS(K92-$K$13)>$I$14,"NOT OK", "OK")) | R92: =IF(L92="","",IF(ABS(L92-$K$13)>$I$14,"NOT OK", "OK")) | S92: =IF(G92="","",MAX(G92:L92)) | T92: =IF(G92="","",MIN(G92:L92)) | U92: =IF(G92="","",ABS(S92-T92))
M93: =IF(G93="","",IF(ABS(G93-$K$13)>$I$14,"NOT OK", "OK")) | N93: =IF(H93="","",IF(ABS(H93-$K$13)>$I$14,"NOT OK", "OK")) | O93: =IF(I93="","",IF(ABS(I93-$K$13)>$I$14,"NOT OK", "OK")) | P93: =IF(J93="","",IF(ABS(J93-$K$13)>$I$14,"NOT OK", "OK")) | Q93: =IF(K93="","",IF(ABS(K93-$K$13)>$I$14,"NOT OK", "OK")) | R93: =IF(L93="","",IF(ABS(L93-$K$13)>$I$14,"NOT OK", "OK")) | S93: =IF(G93="","",MAX(G93:L93)) | T93: =IF(G93="","",MIN(G93:L93)) | U93: =IF(G93="","",ABS(S93-T93))
M94: =IF(G94="","",IF(ABS(G94-$K$13)>$I$14,"NOT OK", "OK")) | N94: =IF(H94="","",IF(ABS(H94-$K$13)>$I$14,"NOT OK", "OK")) | O94: =IF(I94="","",IF(ABS(I94-$K$13)>$I$14,"NOT OK", "OK")) | P94: =IF(J94="","",IF(ABS(J94-$K$13)>$I$14,"NOT OK", "OK")) | Q94: =IF(K94="","",IF(ABS(K94-$K$13)>$I$14,"NOT OK", "OK")) | R94: =IF(L94="","",IF(ABS(L94-$K$13)>$I$14,"NOT OK", "OK")) | S94: =IF(G94="","",MAX(G94:L94)) | T94: =IF(G94="","",MIN(G94:L94)) | U94: =IF(G94="","",ABS(S94-T94))
C95: Résultats après distribution des entités soumises à l'Ed'A pour essai de stabilité N°2
C96: Code des rapports TTS | E96: Code d'échantillons d'homogénéité | G96: Résultat 1 | H96: Résultat 2 | I96: Résultat 3 | J96: Résultat 4 | K96: Résultat 5 | L96: Résultat 6 | M96: Décision Résultat 1 | N96: Décision Résultat 2 | O96: Décision Résultat 3 | P96: Décision Résultat 4 | Q96: Décision Résultat 5 | R96: Décision Résultat 6 | S96: Valeur maximale | T96: Valeur minimale | U96: lValeur maximale - valeur minimalel | W96: Mode: | AA96: =IF(G99="","",_xlfn.MODE.SNGL(G99:L102))
W97: Médiane: | AA97: =IF(G99="","",MEDIAN(G99:L102))
W98: Décision pour les résultats de l'essai de stabilité N°2: | AA98: =IF(G99="","", IF(AND(OR(M99=$AB$8,M99=""),OR(M100=$AB$8,M100=""),OR(M101=$AB$8,M101=""),OR(M102=$AB$8,M102=""),OR(N99=$AB$8,N99=""),OR(N100=$AB$8,N100=""),OR(N101=$AB$8,N101=""),OR(N102=$AB$8,N102=""),OR(O99=$AB$8,O99=""),OR(O100=$AB$8,O100=""),OR(O101=$AB$8,O101=""),OR(O102=$AB$8,O102=""),OR(P99=$AB$8,P99=""),OR(P100=$AB$8,P100=""),OR(P101=$AB$8,P101=""),OR(P102=$AB$8,P102=""),OR(Q99=$AB$8,Q99=""),OR(Q100=$AB$8,Q100=""),OR(Q101=$AB$8,Q101=""),OR(Q102=$AB$8,Q102=""),OR(R99=$AB$8,R99=""),OR(R100=$AB$8,R100=""),OR(R101=$AB$8,R101=""),OR(R102=$AB$8,R102=""),OR(U99<=$I$14,U99=""),OR(U100<=$I$14,U100=""),OR(U101<=$I$14,U101=""),OR(U102<=$I$14,U102="")),$AB$7, $AB$6))
M99: =IF(G99="","",IF(ABS(G99-$K$13)>$I$14,"NOT OK", "OK")) | N99: =IF(H99="","",IF(ABS(H99-$K$13)>$I$14,"NOT OK", "OK")) | O99: =IF(I99="","",IF(ABS(I99-$K$13)>$I$14,"NOT OK", "OK")) | P99: =IF(J99="","",IF(ABS(J99-$K$13)>$I$14,"NOT OK", "OK")) | Q99: =IF(K99="","",IF(ABS(K99-$K$13)>$I$14,"NOT OK", "OK")) | R99: =IF(L99="","",IF(ABS(L99-$K$13)>$I$14,"NOT OK", "OK")) | S99: =IF(G99="","",MAX(G99:L99)) | T99: =IF(G99="","",MIN(G99:L99)) | U99: =IF(G99="","",ABS(S99-T99))
M100: =IF(G100="","",IF(ABS(G100-$K$13)>$I$14,"NOT OK", "OK")) | N100: =IF(H100="","",IF(ABS(H100-$K$13)>$I$14,"NOT OK", "OK")) | O100: =IF(I100="","",IF(ABS(I100-$K$13)>$I$14,"NOT OK", "OK")) | P100: =IF(J100="","",IF(ABS(J100-$K$13)>$I$14,"NOT OK", "OK")) | Q100: =IF(K100="","",IF(ABS(K100-$K$13)>$I$14,"NOT OK", "OK")) | R100: =IF(L100="","",IF(ABS(L100-$K$13)>$I$14,"NOT OK", "OK")) | S100: =IF(G100="","",MAX(G100:L100)) | T100: =IF(G100="","",MIN(G100:L100)) | U100: =IF(G100="","",ABS(S100-T100))
M101: =IF(G101="","",IF(ABS(G101-$K$13)>$I$14,"NOT OK", "OK")) | N101: =IF(H101="","",IF(ABS(H101-$K$13)>$I$14,"NOT OK", "OK")) | O101: =IF(I101="","",IF(ABS(I101-$K$13)>$I$14,"NOT OK", "OK")) | P101: =IF(J101="","",IF(ABS(J101-$K$13)>$I$14,"NOT OK", "OK")) | Q101: =IF(K101="","",IF(ABS(K101-$K$13)>$I$14,"NOT OK", "OK")) | R101: =IF(L101="","",IF(ABS(L101-$K$13)>$I$14,"NOT OK", "OK")) | S101: =IF(G101="","",MAX(G101:L101)) | T101: =IF(G101="","",MIN(G101:L101)) | U101: =IF(G101="","",ABS(S101-T101))
M102: =IF(G102="","",IF(ABS(G102-$K$13)>$I$14,"NOT OK", "OK")) | N102: =IF(H102="","",IF(ABS(H102-$K$13)>$I$14,"NOT OK", "OK")) | O102: =IF(I102="","",IF(ABS(I102-$K$13)>$I$14,"NOT OK", "OK")) | P102: =IF(J102="","",IF(ABS(J102-$K$13)>$I$14,"NOT OK", "OK")) | Q102: =IF(K102="","",IF(ABS(K102-$K$13)>$I$14,"NOT OK", "OK")) | R102: =IF(L102="","",IF(ABS(L102-$K$13)>$I$14,"NOT OK", "OK")) | S102: =IF(G102="","",MAX(G102:L102)) | T102: =IF(G102="","",MIN(G102:L102)) | U102: =IF(G102="","",ABS(S102-T102))
C103: Résultats après distribution des entités soumises à l'Ed'A pour essai de stabilité N°3
C104: Code des rapports TTS | E104: Code d'échantillons d'homogénéité | G104: Résultat 1 | H104: Résultat 2 | I104: Résultat 3 | J104: Résultat 4 | K104: Résultat 5 | L104: Résultat 6 | M104: Décision Résultat 1 | N104: Décision Résultat 2 | O104: Décision Résultat 3 | P104: Décision Résultat 4 | Q104: Décision Résultat 5 | R104: Décision Résultat 6 | S104: Valeur maximale | T104: Valeur minimale | U104: lValeur maximale - valeur minimalel | W104: Mode: | AA104: =IF(G107="","",_xlfn.MODE.SNGL(G107:L110))
W105: Médiane: | AA105: =IF(G107="","",MEDIAN(G107:L110))
W106: Décision pour les résultats de l'essai de stabilité N°3: | AA106: =IF(G107="","", IF(AND(OR(M107=$AB$8,M107=""),OR(M108=$AB$8,M108=""),OR(M109=$AB$8,M109=""),OR(M110=$AB$8,M110=""),OR(N107=$AB$8,N107=""),OR(N108=$AB$8,N108=""),OR(N109=$AB$8,N109=""),OR(N110=$AB$8,N110=""),OR(O107=$AB$8,O107=""),OR(O108=$AB$8,O108=""),OR(O109=$AB$8,O109=""),OR(O110=$AB$8,O110=""),OR(P107=$AB$8,P107=""),OR(P108=$AB$8,P108=""),OR(P109=$AB$8,P109=""),OR(P110=$AB$8,P110=""),OR(Q107=$AB$8,Q107=""),OR(Q108=$AB$8,Q108=""),OR(Q109=$AB$8,Q109=""),OR(Q110=$AB$8,Q110=""),OR(R107=$AB$8,R107=""),OR(R108=$AB$8,R108=""),OR(R109=$AB$8,R109=""),OR(R110=$AB$8,R110=""),OR(U107<=$I$14,U107=""),OR(U108<=$I$14,U108=""),OR(U109<=$I$14,U109=""),OR(U110<=$I$14,U110="")),$AB$7, $AB$6))
M107: =IF(G107="","",IF(ABS(G107-$K$13)>$I$14,"NOT OK", "OK")) | N107: =IF(H107="","",IF(ABS(H107-$K$13)>$I$14,"NOT OK", "OK")) | O107: =IF(I107="","",IF(ABS(I107-$K$13)>$I$14,"NOT OK", "OK")) | P107: =IF(J107="","",IF(ABS(J107-$K$13)>$I$14,"NOT OK", "OK")) | Q107: =IF(K107="","",IF(ABS(K107-$K$13)>$I$14,"NOT OK", "OK")) | R107: =IF(L107="","",IF(ABS(L107-$K$13)>$I$14,"NOT OK", "OK")) | S107: =IF(G107="","",MAX(G107:L107)) | T107: =IF(G107="","",MIN(G107:L107)) | U107: =IF(G107="","",ABS(S107-T107))
M108: =IF(G108="","",IF(ABS(G108-$K$13)>$I$14,"NOT OK", "OK")) | N108: =IF(H108="","",IF(ABS(H108-$K$13)>$I$14,"NOT OK", "OK")) | O108: =IF(I108="","",IF(ABS(I108-$K$13)>$I$14,"NOT OK", "OK")) | P108: =IF(J108="","",IF(ABS(J108-$K$13)>$I$14,"NOT OK", "OK")) | Q108: =IF(K108="","",IF(ABS(K108-$K$13)>$I$14,"NOT OK", "OK")) | R108: =IF(L108="","",IF(ABS(L108-$K$13)>$I$14,"NOT OK", "OK")) | S108: =IF(G108="","",MAX(G108:L108)) | T108: =IF(G108="","",MIN(G108:L108)) | U108: =IF(G108="","",ABS(S108-T108))
M109: =IF(G109="","",IF(ABS(G109-$K$13)>$I$14,"NOT OK", "OK")) | N109: =IF(H109="","",IF(ABS(H109-$K$13)>$I$14,"NOT OK", "OK")) | O109: =IF(I109="","",IF(ABS(I109-$K$13)>$I$14,"NOT OK", "OK")) | P109: =IF(J109="","",IF(ABS(J109-$K$13)>$I$14,"NOT OK", "OK")) | Q109: =IF(K109="","",IF(ABS(K109-$K$13)>$I$14,"NOT OK", "OK")) | R109: =IF(L109="","",IF(ABS(L109-$K$13)>$I$14,"NOT OK", "OK")) | S109: =IF(G109="","",MAX(G109:L109)) | T109: =IF(G109="","",MIN(G109:L109)) | U109: =IF(G109="","",ABS(S109-T109))
M110: =IF(G110="","",IF(ABS(G110-$K$13)>$I$14,"NOT OK", "OK")) | N110: =IF(H110="","",IF(ABS(H110-$K$13)>$I$14,"NOT OK", "OK")) | O110: =IF(I110="","",IF(ABS(I110-$K$13)>$I$14,"NOT OK", "OK")) | P110: =IF(J110="","",IF(ABS(J110-$K$13)>$I$14,"NOT OK", "OK")) | Q110: =IF(K110="","",IF(ABS(K110-$K$13)>$I$14,"NOT OK", "OK")) | R110: =IF(L110="","",IF(ABS(L110-$K$13)>$I$14,"NOT OK", "OK")) | S110: =IF(G110="","",MAX(G110:L110)) | T110: =IF(G110="","",MIN(G110:L110)) | U110: =IF(G110="","",ABS(S110-T110))
C111: Résultats après la réception du dernier résultat des participants :
C112: Code des rapports TTS | E112: Code d'échantillons d'homogénéité | G112: Résultat 1 | H112: Résultat 2 | I112: Résultat 3 | J112: Résultat 4 | K112: Résultat 5 | L112: Résultat 6 | M112: Décision Résultat 1 | N112: Décision Résultat 2 | O112: Décision Résultat 3 | P112: Décision Résultat 4 | Q112: Décision Résultat 5 | R112: Décision Résultat 6 | S112: Valeur maximale | T112: Valeur minimale | U112: lValeur maximale - valeur minimalel | W112: Mode: | AA112: =IF(G115="","",_xlfn.MODE.SNGL(G115:L118))
W113: Médiane: | AA113: =IF(G115="","",MEDIAN(G115:L118))
W114: Décision pour les résultats de l'essai de stabilité N°4: | AA114: =IF(G115="","", IF(AND(OR(M115=$AB$8,M115=""),OR(M116=$AB$8,M116=""),OR(M117=$AB$8,M117=""),OR(M118=$AB$8,M118=""),OR(N115=$AB$8,N115=""),OR(N116=$AB$8,N116=""),OR(N117=$AB$8,N117=""),OR(N118=$AB$8,N118=""),OR(O115=$AB$8,O115=""),OR(O116=$AB$8,O116=""),OR(O117=$AB$8,O117=""),OR(O118=$AB$8,O118=""),OR(P115=$AB$8,P115=""),OR(P116=$AB$8,P116=""),OR(P117=$AB$8,P117=""),OR(P118=$AB$8,P118=""),OR(Q115=$AB$8,Q115=""),OR(Q116=$AB$8,Q116=""),OR(Q117=$AB$8,Q117=""),OR(Q118=$AB$8,Q118=""),OR(R115=$AB$8,R115=""),OR(R116=$AB$8,R116=""),OR(R117=$AB$8,R117=""),OR(R118=$AB$8,R118=""),OR(U115<=$I$14,U115=""),OR(U116<=$I$14,U116=""),OR(U117<=$I$14,U117=""),OR(U118<=$I$14,U118="")),$AB$7, $AB$6))
M115: =IF(G115="","",IF(ABS(G115-$K$13)>$I$14,"NOT OK", "OK")) | N115: =IF(H115="","",IF(ABS(H115-$K$13)>$I$14,"NOT OK", "OK")) | O115: =IF(I115="","",IF(ABS(I115-$K$13)>$I$14,"NOT OK", "OK")) | P115: =IF(J115="","",IF(ABS(J115-$K$13)>$I$14,"NOT OK", "OK")) | Q115: =IF(K115="","",IF(ABS(K115-$K$13)>$I$14,"NOT OK", "OK")) | R115: =IF(L115="","",IF(ABS(L115-$K$13)>$I$14,"NOT OK", "OK")) | S115: =IF(G115="","",MAX(G115:L115)) | T115: =IF(G115="","",MIN(G115:L115)) | U115: =IF(G115="","",ABS(S115-T115))
M116: =IF(G116="","",IF(ABS(G116-$K$13)>$I$14,"NOT OK", "OK")) | N116: =IF(H116="","",IF(ABS(H116-$K$13)>$I$14,"NOT OK", "OK")) | O116: =IF(I116="","",IF(ABS(I116-$K$13)>$I$14,"NOT OK", "OK")) | P116: =IF(J116="","",IF(ABS(J116-$K$13)>$I$14,"NOT OK", "OK")) | Q116: =IF(K116="","",IF(ABS(K116-$K$13)>$I$14,"NOT OK", "OK")) | R116: =IF(L116="","",IF(ABS(L116-$K$13)>$I$14,"NOT OK", "OK")) | S116: =IF(G116="","",MAX(G116:L116)) | T116: =IF(G116="","",MIN(G116:L116)) | U116: =IF(G116="","",ABS(S116-T116))
M117: =IF(G117="","",IF(ABS(G117-$K$13)>$I$14,"NOT OK", "OK")) | N117: =IF(H117="","",IF(ABS(H117-$K$13)>$I$14,"NOT OK", "OK")) | O117: =IF(I117="","",IF(ABS(I117-$K$13)>$I$14,"NOT OK", "OK")) | P117: =IF(J117="","",IF(ABS(J117-$K$13)>$I$14,"NOT OK", "OK")) | Q117: =IF(K117="","",IF(ABS(K117-$K$13)>$I$14,"NOT OK", "OK")) | R117: =IF(L117="","",IF(ABS(L117-$K$13)>$I$14,"NOT OK", "OK")) | S117: =IF(G117="","",MAX(G117:L117)) | T117: =IF(G117="","",MIN(G117:L117)) | U117: =IF(G117="","",ABS(S117-T117))
M118: =IF(G118="","",IF(ABS(G118-$K$13)>$I$14,"NOT OK", "OK")) | N118: =IF(H118="","",IF(ABS(H118-$K$13)>$I$14,"NOT OK", "OK")) | O118: =IF(I118="","",IF(ABS(I118-$K$13)>$I$14,"NOT OK", "OK")) | P118: =IF(J118="","",IF(ABS(J118-$K$13)>$I$14,"NOT OK", "OK")) | Q118: =IF(K118="","",IF(ABS(K118-$K$13)>$I$14,"NOT OK", "OK")) | R118: =IF(L118="","",IF(ABS(L118-$K$13)>$I$14,"NOT OK", "OK")) | S118: =IF(G118="","",MAX(G118:L118)) | T118: =IF(G118="","",MIN(G118:L118)) | U118: =IF(G118="","",ABS(S118-T118))
C120: Essais de stabilité N°1 | F120: Décision Mode: | H120: =IF(G91="","",IF(ABS(AA88-H85)>$I$14, "Les échantillons ne sont pas stables", "Les échantillons sont stables")) | AG120: Les échantillons ne sont pas stables
F121: Décison Médiane: | H121: =IF(G91="","",IF(ABS(AA89-H86)>$I$14, "Les échantillons ne sont pas stables", "Les échantillons sont stables")) | AG121: Les échantillons sont stables
C122: Essais de stabilité N°2 | F122: Décision Mode: | H122: =IF(G99="","",IF(ABS(AA96-H85)>$I$14, "Les échantillons ne sont pas stables", "Les échantillons sont stables"))
F123: Décison Médiane: | H123: =IF(G99="","",IF(ABS(AA97-H86)>$I$14, "Les échantillons ne sont pas stables", "Les échantillons sont stables"))
C124: Essais de stabilité N°3 | F124: Décision Mode: | H124: =IF(G107="","",IF(ABS(AA104-H85)>$I$14, "Les échantillons ne sont pas stables", "Les échantillons sont stables"))
...

Sheet Homogénéité-stabilité-solidité
AA1: Mode
E2: Vérification de l'homogeniété et de la stabilité des échantillons soumises à l'essai d'aptitude | V2: Réference : FTE 006 Version : 06 du 10/08/2026 Page 6/6 | AA2: Médiane
AA3: NOT OK
AA4: OK
D6: ESSAIS QUALITATIFS ORDINALES (Essais de solidité)
B9: Référence de la campagne :
B10: Référence de l'échantillon testé :
B11: Méthode testée :
B12: Médiane ou mode? | H12: Mode | I12: Dégradation de couleur | J12: Dégorgement - Acétate (CA) | K12: Dégorgement - Cotton (CO) | L12: Dégorgement - Polyamide (PA) | M12: Dégorgement - Polyester(PES) | N12: Dégorgement - Polyacrylique (PAN) | O12: Dégorgement - Laine (WO) | P12: Dégorgement - Triacétate (CTA) | Q12: Dégorgement - Viscose (CV)
I13: =IF(F25="","",IF($H$12=$AA$1,F69,IF($H$12=$AA$2,F70,"Indiquer Médiane ou Mode"))) | J13: =IF(G25="","",IF($H$12=$AA$1,G69,IF($H$12=$AA$2,G70,"Indiquer Médiane ou Mode"))) | K13: =IF(H25="","",IF($H$12=$AA$1,H69,IF($H$12=$AA$2,H70,"Indiquer Médiane ou Mode"))) | L13: =IF(I25="","",IF($H$12=$AA$1,I69,IF($H$12=$AA$2,I70,"Indiquer Médiane ou Mode"))) | M13: =IF(J25="","",IF($H$12=$AA$1,J69,IF($H$12=$AA$2,J70,"Indiquer Médiane ou Mode"))) | N13: =IF(K25="","",IF($H$12=$AA$1,K69,IF($H$12=$AA$2,K70,"Indiquer Médiane ou Mode"))) | O13: =IF(L25="","",IF($H$12=$AA$1,L69,IF($H$12=$AA$2,L70,"Indiquer Médiane ou Mode"))) | P13: =IF(M25="","",IF($H$12=$AA$1,M69,IF($H$12=$AA$2,M70,"Indiquer Médiane ou Mode"))) | Q13: =IF(N25="","",IF($H$12=$AA$1,N69,IF($H$12=$AA$2,N70,"Indiquer Médiane ou Mode")))
B14: ± classe de différence par rapporrt à la valeur assignée :
B16: I) Vérification de l'homogénieté des échantillons selon l'ISO/IEC 17043: 2023 Annexe B.2.4 page 32
B18: Date des essais d'homogéniété:
B19: Nombre d'échantillons ( g ): | E19: =IF(F25="","",COUNT(F25:F34))
B20: Nombre de prise d'essai ( m ): | E20: 2
B22: Code des rapports TTS | D22: Code d'échantillons d'homogénéité | F22: Résultat 1 | O22: Décision Résultat 1
F23: Dégradation de couleur | G23: Dégorgement - Acétate (CA) | H23: Dégorgement - Cotton (CO) | I23: Dégorgement - Polyamide (PA) | J23: Dégorgement - Polyester(PES) | K23: Dégorgement - Polyacrylique (PAN) | L23: Dégorgement - Laine (WO) | M23: Dégorgement - Triacétate (CTA) | N23: Dégorgement - Viscose (CV) | O23: Dégradation de couleur | P23: Dégorgement - Acétate (CA) | Q23: Dégorgement - Cotton (CO) | R23: Dégorgement - Polyamide (PA) | S23: Dégorgement - Polyester(PES) | T23: Dégorgement - Polyacrylique (PAN) | U23: Dégorgement - Laine (WO) | V23: Dégorgement - Triacétate (CTA) | W23: Dégorgement - Viscose (CV)
D25: HO 001 | O25: =IF(F25="","",IF(ABS(F25-$I$13)>$H$14,"NOT OK", "OK")) | P25: =IF(G25="","",IF(ABS(G25-$J$13)>$H$14,"NOT OK", "OK")) | Q25: =IF(H25="","",IF(ABS(H25-$K$13)>$H$14,"NOT OK", "OK")) | R25: =IF(I25="","",IF(ABS(I25-$L$13)>$H$14,"NOT OK", "OK")) | S25: =IF(J25="","",IF(ABS(J25-$M$13)>$H$14,"NOT OK", "OK")) | T25: =IF(K25="","",IF(ABS(K25-$N$13)>$H$14,"NOT OK", "OK")) | U25: =IF(L25="","",IF(ABS(L25-$O$13)>$H$14,"NOT OK", "OK")) | V25: =IF(M25="","",IF(ABS(M25-$P$13)>$H$14,"NOT OK", "OK")) | W25: =IF(N25="","",IF(ABS(N25-$Q$13)>$H$14,"NOT OK", "OK"))
D26: HO 002 | O26: =IF(F26="","",IF(ABS(F26-$I$13)>$H$14,"NOT OK", "OK")) | P26: =IF(G26="","",IF(ABS(G26-$J$13)>$H$14,"NOT OK", "OK")) | Q26: =IF(H26="","",IF(ABS(H26-$K$13)>$H$14,"NOT OK", "OK")) | R26: =IF(I26="","",IF(ABS(I26-$L$13)>$H$14,"NOT OK", "OK")) | S26: =IF(J26="","",IF(ABS(J26-$M$13)>$H$14,"NOT OK", "OK")) | T26: =IF(K26="","",IF(ABS(K26-$N$13)>$H$14,"NOT OK", "OK")) | U26: =IF(L26="","",IF(ABS(L26-$O$13)>$H$14,"NOT OK", "OK")) | V26: =IF(M26="","",IF(ABS(M26-$P$13)>$H$14,"NOT OK", "OK")) | W26: =IF(N26="","",IF(ABS(N26-$Q$13)>$H$14,"NOT OK", "OK"))
D27: HO 003 | O27: =IF(F27="","",IF(ABS(F27-$I$13)>$H$14,"NOT OK", "OK")) | P27: =IF(G27="","",IF(ABS(G27-$J$13)>$H$14,"NOT OK", "OK")) | Q27: =IF(H27="","",IF(ABS(H27-$K$13)>$H$14,"NOT OK", "OK")) | R27: =IF(I27="","",IF(ABS(I27-$L$13)>$H$14,"NOT OK", "OK")) | S27: =IF(J27="","",IF(ABS(J27-$M$13)>$H$14,"NOT OK", "OK")) | T27: =IF(K27="","",IF(ABS(K27-$N$13)>$H$14,"NOT OK", "OK")) | U27: =IF(L27="","",IF(ABS(L27-$O$13)>$H$14,"NOT OK", "OK")) | V27: =IF(M27="","",IF(ABS(M27-$P$13)>$H$14,"NOT OK", "OK")) | W27: =IF(N27="","",IF(ABS(N27-$Q$13)>$H$14,"NOT OK", "OK"))
D28: HO 004 | O28: =IF(F28="","",IF(ABS(F28-$I$13)>$H$14,"NOT OK", "OK")) | P28: =IF(G28="","",IF(ABS(G28-$J$13)>$H$14,"NOT OK", "OK")) | Q28: =IF(H28="","",IF(ABS(H28-$K$13)>$H$14,"NOT OK", "OK")) | R28: =IF(I28="","",IF(ABS(I28-$L$13)>$H$14,"NOT OK", "OK")) | S28: =IF(J28="","",IF(ABS(J28-$M$13)>$H$14,"NOT OK", "OK")) | T28: =IF(K28="","",IF(ABS(K28-$N$13)>$H$14,"NOT OK", "OK")) | U28: =IF(L28="","",IF(ABS(L28-$O$13)>$H$14,"NOT OK", "OK")) | V28: =IF(M28="","",IF(ABS(M28-$P$13)>$H$14,"NOT OK", "OK")) | W28: =IF(N28="","",IF(ABS(N28-$Q$13)>$H$14,"NOT OK", "OK"))
D29: HO 005 | O29: =IF(F29="","",IF(ABS(F29-$I$13)>$H$14,"NOT OK", "OK")) | P29: =IF(G29="","",IF(ABS(G29-$J$13)>$H$14,"NOT OK", "OK")) | Q29: =IF(H29="","",IF(ABS(H29-$K$13)>$H$14,"NOT OK", "OK")) | R29: =IF(I29="","",IF(ABS(I29-$L$13)>$H$14,"NOT OK", "OK")) | S29: =IF(J29="","",IF(ABS(J29-$M$13)>$H$14,"NOT OK", "OK")) | T29: =IF(K29="","",IF(ABS(K29-$N$13)>$H$14,"NOT OK", "OK")) | U29: =IF(L29="","",IF(ABS(L29-$O$13)>$H$14,"NOT OK", "OK")) | V29: =IF(M29="","",IF(ABS(M29-$P$13)>$H$14,"NOT OK", "OK")) | W29: =IF(N29="","",IF(ABS(N29-$Q$13)>$H$14,"NOT OK", "OK"))
D30: HO 006 | O30: =IF(F30="","",IF(ABS(F30-$I$13)>$H$14,"NOT OK", "OK")) | P30: =IF(G30="","",IF(ABS(G30-$J$13)>$H$14,"NOT OK", "OK")) | Q30: =IF(H30="","",IF(ABS(H30-$K$13)>$H$14,"NOT OK", "OK")) | R30: =IF(I30="","",IF(ABS(I30-$L$13)>$H$14,"NOT OK", "OK")) | S30: =IF(J30="","",IF(ABS(J30-$M$13)>$H$14,"NOT OK", "OK")) | T30: =IF(K30="","",IF(ABS(K30-$N$13)>$H$14,"NOT OK", "OK")) | U30: =IF(L30="","",IF(ABS(L30-$O$13)>$H$14,"NOT OK", "OK")) | V30: =IF(M30="","",IF(ABS(M30-$P$13)>$H$14,"NOT OK", "OK")) | W30: =IF(N30="","",IF(ABS(N30-$Q$13)>$H$14,"NOT OK", "OK"))
D31: HO 007 | O31: =IF(F31="","",IF(ABS(F31-$I$13)>$H$14,"NOT OK", "OK")) | P31: =IF(G31="","",IF(ABS(G31-$J$13)>$H$14,"NOT OK", "OK")) | Q31: =IF(H31="","",IF(ABS(H31-$K$13)>$H$14,"NOT OK", "OK")) | R31: =IF(I31="","",IF(ABS(I31-$L$13)>$H$14,"NOT OK", "OK")) | S31: =IF(J31="","",IF(ABS(J31-$M$13)>$H$14,"NOT OK", "OK")) | T31: =IF(K31="","",IF(ABS(K31-$N$13)>$H$14,"NOT OK", "OK")) | U31: =IF(L31="","",IF(ABS(L31-$O$13)>$H$14,"NOT OK", "OK")) | V31: =IF(M31="","",IF(ABS(M31-$P$13)>$H$14,"NOT OK", "OK")) | W31: =IF(N31="","",IF(ABS(N31-$Q$13)>$H$14,"NOT OK", "OK"))
D32: HO 008 | O32: =IF(F32="","",IF(ABS(F32-$I$13)>$H$14,"NOT OK", "OK")) | P32: =IF(G32="","",IF(ABS(G32-$J$13)>$H$14,"NOT OK", "OK")) | Q32: =IF(H32="","",IF(ABS(H32-$K$13)>$H$14,"NOT OK", "OK")) | R32: =IF(I32="","",IF(ABS(I32-$L$13)>$H$14,"NOT OK", "OK")) | S32: =IF(J32="","",IF(ABS(J32-$M$13)>$H$14,"NOT OK", "OK")) | T32: =IF(K32="","",IF(ABS(K32-$N$13)>$H$14,"NOT OK", "OK")) | U32: =IF(L32="","",IF(ABS(L32-$O$13)>$H$14,"NOT OK", "OK")) | V32: =IF(M32="","",IF(ABS(M32-$P$13)>$H$14,"NOT OK", "OK")) | W32: =IF(N32="","",IF(ABS(N32-$Q$13)>$H$14,"NOT OK", "OK"))
D33: HO 009 | O33: =IF(F33="","",IF(ABS(F33-$I$13)>$H$14,"NOT OK", "OK")) | P33: =IF(G33="","",IF(ABS(G33-$J$13)>$H$14,"NOT OK", "OK")) | Q33: =IF(H33="","",IF(ABS(H33-$K$13)>$H$14,"NOT OK", "OK")) | R33: =IF(I33="","",IF(ABS(I33-$L$13)>$H$14,"NOT OK", "OK")) | S33: =IF(J33="","",IF(ABS(J33-$M$13)>$H$14,"NOT OK", "OK")) | T33: =IF(K33="","",IF(ABS(K33-$N$13)>$H$14,"NOT OK", "OK")) | U33: =IF(L33="","",IF(ABS(L33-$O$13)>$H$14,"NOT OK", "OK")) | V33: =IF(M33="","",IF(ABS(M33-$P$13)>$H$14,"NOT OK", "OK")) | W33: =IF(N33="","",IF(ABS(N33-$Q$13)>$H$14,"NOT OK", "OK"))
D34: HO 010 | O34: =IF(F34="","",IF(ABS(F34-$I$13)>$H$14,"NOT OK", "OK")) | P34: =IF(G34="","",IF(ABS(G34-$J$13)>$H$14,"NOT OK", "OK")) | Q34: =IF(H34="","",IF(ABS(H34-$K$13)>$H$14,"NOT OK", "OK")) | R34: =IF(I34="","",IF(ABS(I34-$L$13)>$H$14,"NOT OK", "OK")) | S34: =IF(J34="","",IF(ABS(J34-$M$13)>$H$14,"NOT OK", "OK")) | T34: =IF(K34="","",IF(ABS(K34-$N$13)>$H$14,"NOT OK", "OK")) | U34: =IF(L34="","",IF(ABS(L34-$O$13)>$H$14,"NOT OK", "OK")) | V34: =IF(M34="","",IF(ABS(M34-$P$13)>$H$14,"NOT OK", "OK")) | W34: =IF(N34="","",IF(ABS(N34-$Q$13)>$H$14,"NOT OK", "OK"))
B37: Code des rapports TTS | D37: Code d'échantillons d'homogénéité | F37: Résultat 2 | O37: Décision Résultat 2
F38: Dégradation de couleur | G38: Dégorgement - Acétate (CA) | H38: Dégorgement - Cotton (CO) | I38: Dégorgement - Polyamide (PA) | J38: Dégorgement - Polyester(PES) | K38: Dégorgement - Polyacrylique (PAN) | L38: Dégorgement - Laine (WO) | M38: Dégorgement - Triacétate (CTA) | N38: Dégorgement - Viscose (CV) | O38: Dégradation de couleur | P38: Dégorgement - Acétate (CA) | Q38: Dégorgement - Cotton (CO) | R38: Dégorgement - Polyamide (PA) | S38: Dégorgement - Polyester(PES) | T38: Dégorgement - Polyacrylique (PAN) | U38: Dégorgement - Laine (WO) | V38: Dégorgement - Triacétate (CTA) | W38: Dégorgement - Viscose (CV)
D40: HO 001 | O40: =IF(F40="","",IF(ABS(F40-$I$13)>$H$14,"NOT OK", "OK")) | P40: =IF(G40="","",IF(ABS(G40-$J$13)>$H$14,"NOT OK", "OK")) | Q40: =IF(H40="","",IF(ABS(H40-$K$13)>$H$14,"NOT OK", "OK")) | R40: =IF(I40="","",IF(ABS(I40-$L$13)>$H$14,"NOT OK", "OK")) | S40: =IF(J40="","",IF(ABS(J40-$M$13)>$H$14,"NOT OK", "OK")) | T40: =IF(K40="","",IF(ABS(K40-$N$13)>$H$14,"NOT OK", "OK")) | U40: =IF(L40="","",IF(ABS(L40-$O$13)>$H$14,"NOT OK", "OK")) | V40: =IF(M40="","",IF(ABS(M40-$P$13)>$H$14,"NOT OK", "OK")) | W40: =IF(N40="","",IF(ABS(N40-$Q$13)>$H$14,"NOT OK", "OK"))
D41: HO 002 | O41: =IF(F41="","",IF(ABS(F41-$I$13)>$H$14,"NOT OK", "OK")) | P41: =IF(G41="","",IF(ABS(G41-$J$13)>$H$14,"NOT OK", "OK")) | Q41: =IF(H41="","",IF(ABS(H41-$K$13)>$H$14,"NOT OK", "OK")) | R41: =IF(I41="","",IF(ABS(I41-$L$13)>$H$14,"NOT OK", "OK")) | S41: =IF(J41="","",IF(ABS(J41-$M$13)>$H$14,"NOT OK", "OK")) | T41: =IF(K41="","",IF(ABS(K41-$N$13)>$H$14,"NOT OK", "OK")) | U41: =IF(L41="","",IF(ABS(L41-$O$13)>$H$14,"NOT OK", "OK")) | V41: =IF(M41="","",IF(ABS(M41-$P$13)>$H$14,"NOT OK", "OK")) | W41: =IF(N41="","",IF(ABS(N41-$Q$13)>$H$14,"NOT OK", "OK"))
D42: HO 003 | O42: =IF(F42="","",IF(ABS(F42-$I$13)>$H$14,"NOT OK", "OK")) | P42: =IF(G42="","",IF(ABS(G42-$J$13)>$H$14,"NOT OK", "OK")) | Q42: =IF(H42="","",IF(ABS(H42-$K$13)>$H$14,"NOT OK", "OK")) | R42: =IF(I42="","",IF(ABS(I42-$L$13)>$H$14,"NOT OK", "OK")) | S42: =IF(J42="","",IF(ABS(J42-$M$13)>$H$14,"NOT OK", "OK")) | T42: =IF(K42="","",IF(ABS(K42-$N$13)>$H$14,"NOT OK", "OK")) | U42: =IF(L42="","",IF(ABS(L42-$O$13)>$H$14,"NOT OK", "OK")) | V42: =IF(M42="","",IF(ABS(M42-$P$13)>$H$14,"NOT OK", "OK")) | W42: =IF(N42="","",IF(ABS(N42-$Q$13)>$H$14,"NOT OK", "OK"))
D43: HO 004 | O43: =IF(F43="","",IF(ABS(F43-$I$13)>$H$14,"NOT OK", "OK")) | P43: =IF(G43="","",IF(ABS(G43-$J$13)>$H$14,"NOT OK", "OK")) | Q43: =IF(H43="","",IF(ABS(H43-$K$13)>$H$14,"NOT OK", "OK")) | R43: =IF(I43="","",IF(ABS(I43-$L$13)>$H$14,"NOT OK", "OK")) | S43: =IF(J43="","",IF(ABS(J43-$M$13)>$H$14,"NOT OK", "OK")) | T43: =IF(K43="","",IF(ABS(K43-$N$13)>$H$14,"NOT OK", "OK")) | U43: =IF(L43="","",IF(ABS(L43-$O$13)>$H$14,"NOT OK", "OK")) | V43: =IF(M43="","",IF(ABS(M43-$P$13)>$H$14,"NOT OK", "OK")) | W43: =IF(N43="","",IF(ABS(N43-$Q$13)>$H$14,"NOT OK", "OK"))
D44: HO 005 | O44: =IF(F44="","",IF(ABS(F44-$I$13)>$H$14,"NOT OK", "OK")) | P44: =IF(G44="","",IF(ABS(G44-$J$13)>$H$14,"NOT OK", "OK")) | Q44: =IF(H44="","",IF(ABS(H44-$K$13)>$H$14,"NOT OK", "OK")) | R44: =IF(I44="","",IF(ABS(I44-$L$13)>$H$14,"NOT OK", "OK")) | S44: =IF(J44="","",IF(ABS(J44-$M$13)>$H$14,"NOT OK", "OK")) | T44: =IF(K44="","",IF(ABS(K44-$N$13)>$H$14,"NOT OK", "OK")) | U44: =IF(L44="","",IF(ABS(L44-$O$13)>$H$14,"NOT OK", "OK")) | V44: =IF(M44="","",IF(ABS(M44-$P$13)>$H$14,"NOT OK", "OK")) | W44: =IF(N44="","",IF(ABS(N44-$Q$13)>$H$14,"NOT OK", "OK"))
D45: HO 006 | O45: =IF(F45="","",IF(ABS(F45-$I$13)>$H$14,"NOT OK", "OK")) | P45: =IF(G45="","",IF(ABS(G45-$J$13)>$H$14,"NOT OK", "OK")) | Q45: =IF(H45="","",IF(ABS(H45-$K$13)>$H$14,"NOT OK", "OK")) | R45: =IF(I45="","",IF(ABS(I45-$L$13)>$H$14,"NOT OK", "OK")) | S45: =IF(J45="","",IF(ABS(J45-$M$13)>$H$14,"NOT OK", "OK")) | T45: =IF(K45="","",IF(ABS(K45-$N$13)>$H$14,"NOT OK", "OK")) | U45: =IF(L45="","",IF(ABS(L45-$O$13)>$H$14,"NOT OK", "OK")) | V45: =IF(M45="","",IF(ABS(M45-$P$13)>$H$14,"NOT OK", "OK")) | W45: =IF(N45="","",IF(ABS(N45-$Q$13)>$H$14,"NOT OK", "OK"))
D46: HO 007 | O46: =IF(F46="","",IF(ABS(F46-$I$13)>$H$14,"NOT OK", "OK")) | P46: =IF(G46="","",IF(ABS(G46-$J$13)>$H$14,"NOT OK", "OK")) | Q46: =IF(H46="","",IF(ABS(H46-$K$13)>$H$14,"NOT OK", "OK")) | R46: =IF(I46="","",IF(ABS(I46-$L$13)>$H$14,"NOT OK", "OK")) | S46: =IF(J46="","",IF(ABS(J46-$M$13)>$H$14,"NOT OK", "OK")) | T46: =IF(K46="","",IF(ABS(K46-$N$13)>$H$14,"NOT OK", "OK")) | U46: =IF(L46="","",IF(ABS(L46-$O$13)>$H$14,"NOT OK", "OK")) | V46: =IF(M46="","",IF(ABS(M46-$P$13)>$H$14,"NOT OK", "OK")) | W46: =IF(N46="","",IF(ABS(N46-$Q$13)>$H$14,"NOT OK", "OK"))
D47: HO 008 | O47: =IF(F47="","",IF(ABS(F47-$I$13)>$H$14,"NOT OK", "OK")) | P47: =IF(G47="","",IF(ABS(G47-$J$13)>$H$14,"NOT OK", "OK")) | Q47: =IF(H47="","",IF(ABS(H47-$K$13)>$H$14,"NOT OK", "OK")) | R47: =IF(I47="","",IF(ABS(I47-$L$13)>$H$14,"NOT OK", "OK")) | S47: =IF(J47="","",IF(ABS(J47-$M$13)>$H$14,"NOT OK", "OK")) | T47: =IF(K47="","",IF(ABS(K47-$N$13)>$H$14,"NOT OK", "OK")) | U47: =IF(L47="","",IF(ABS(L47-$O$13)>$H$14,"NOT OK", "OK")) | V47: =IF(M47="","",IF(ABS(M47-$P$13)>$H$14,"NOT OK", "OK")) | W47: =IF(N47="","",IF(ABS(N47-$Q$13)>$H$14,"NOT OK", "OK"))
D48: HO 009 | O48: =IF(F48="","",IF(ABS(F48-$I$13)>$H$14,"NOT OK", "OK")) | P48: =IF(G48="","",IF(ABS(G48-$J$13)>$H$14,"NOT OK", "OK")) | Q48: =IF(H48="","",IF(ABS(H48-$K$13)>$H$14,"NOT OK", "OK")) | R48: =IF(I48="","",IF(ABS(I48-$L$13)>$H$14,"NOT OK", "OK")) | S48: =IF(J48="","",IF(ABS(J48-$M$13)>$H$14,"NOT OK", "OK")) | T48: =IF(K48="","",IF(ABS(K48-$N$13)>$H$14,"NOT OK", "OK")) | U48: =IF(L48="","",IF(ABS(L48-$O$13)>$H$14,"NOT OK", "OK")) | V48: =IF(M48="","",IF(ABS(M48-$P$13)>$H$14,"NOT OK", "OK")) | W48: =IF(N48="","",IF(ABS(N48-$Q$13)>$H$14,"NOT OK", "OK"))
D49: HO 010 | O49: =IF(F49="","",IF(ABS(F49-$I$13)>$H$14,"NOT OK", "OK")) | P49: =IF(G49="","",IF(ABS(G49-$J$13)>$H$14,"NOT OK", "OK")) | Q49: =IF(H49="","",IF(ABS(H49-$K$13)>$H$14,"NOT OK", "OK")) | R49: =IF(I49="","",IF(ABS(I49-$L$13)>$H$14,"NOT OK", "OK")) | S49: =IF(J49="","",IF(ABS(J49-$M$13)>$H$14,"NOT OK", "OK")) | T49: =IF(K49="","",IF(ABS(K49-$N$13)>$H$14,"NOT OK", "OK")) | U49: =IF(L49="","",IF(ABS(L49-$O$13)>$H$14,"NOT OK", "OK")) | V49: =IF(M49="","",IF(ABS(M49-$P$13)>$H$14,"NOT OK", "OK")) | W49: =IF(N49="","",IF(ABS(N49-$Q$13)>$H$14,"NOT OK", "OK"))
F52: lx1-x2l
F53: Dégradation de couleur | G53: Dégorgement - Acétate (CA) | H53: Dégorgement - Cotton (CO) | I53: Dégorgement - Polyamide (PA) | J53: Dégorgement - Polyester(PES) | K53: Dégorgement - Polyacrylique (PAN) | L53: Dégorgement - Laine (WO) | M53: Dégorgement - Triacétate (CTA) | N53: Dégorgement - Viscose (CV)
F55: =IF(OR(F25="",F40=""),"",ABS(F25-F40)) | G55: =IF(OR(G25="",G40=""),"",ABS(G25-G40)) | H55: =IF(OR(H25="",H40=""),"",ABS(H25-H40)) | I55: =IF(OR(I25="",I40=""),"",ABS(I25-I40)) | J55: =IF(OR(J25="",J40=""),"",ABS(J25-J40)) | K55: =IF(OR(K25="",K40=""),"",ABS(K25-K40)) | L55: =IF(OR(L25="",L40=""),"",ABS(L25-L40)) | M55: =IF(OR(M25="",M40=""),"",ABS(M25-M40)) | N55: =IF(OR(N25="",N40=""),"",ABS(N25-N40))
F56: =IF(OR(F26="",F41=""),"",ABS(F26-F41)) | G56: =IF(OR(G26="",G41=""),"",ABS(G26-G41)) | H56: =IF(OR(H26="",H41=""),"",ABS(H26-H41)) | I56: =IF(OR(I26="",I41=""),"",ABS(I26-I41)) | J56: =IF(OR(J26="",J41=""),"",ABS(J26-J41)) | K56: =IF(OR(K26="",K41=""),"",ABS(K26-K41)) | L56: =IF(OR(L26="",L41=""),"",ABS(L26-L41)) | M56: =IF(OR(M26="",M41=""),"",ABS(M26-M41)) | N56: =IF(OR(N26="",N41=""),"",ABS(N26-N41))
F57: =IF(OR(F27="",F42=""),"",ABS(F27-F42)) | G57: =IF(OR(G27="",G42=""),"",ABS(G27-G42)) | H57: =IF(OR(H27="",H42=""),"",ABS(H27-H42)) | I57: =IF(OR(I27="",I42=""),"",ABS(I27-I42)) | J57: =IF(OR(J27="",J42=""),"",ABS(J27-J42)) | K57: =IF(OR(K27="",K42=""),"",ABS(K27-K42)) | L57: =IF(OR(L27="",L42=""),"",ABS(L27-L42)) | M57: =IF(OR(M27="",M42=""),"",ABS(M27-M42)) | N57: =IF(OR(N27="",N42=""),"",ABS(N27-N42))
F58: =IF(OR(F28="",F43=""),"",ABS(F28-F43)) | G58: =IF(OR(G28="",G43=""),"",ABS(G28-G43)) | H58: =IF(OR(H28="",H43=""),"",ABS(H28-H43)) | I58: =IF(OR(I28="",I43=""),"",ABS(I28-I43)) | J58: =IF(OR(J28="",J43=""),"",ABS(J28-J43)) | K58: =IF(OR(K28="",K43=""),"",ABS(K28-K43)) | L58: =IF(OR(L28="",L43=""),"",ABS(L28-L43)) | M58: =IF(OR(M28="",M43=""),"",ABS(M28-M43)) | N58: =IF(OR(N28="",N43=""),"",ABS(N28-N43))
F59: =IF(OR(F29="",F44=""),"",ABS(F29-F44)) | G59: =IF(OR(G29="",G44=""),"",ABS(G29-G44)) | H59: =IF(OR(H29="",H44=""),"",ABS(H29-H44)) | I59: =IF(OR(I29="",I44=""),"",ABS(I29-I44)) | J59: =IF(OR(J29="",J44=""),"",ABS(J29-J44)) | K59: =IF(OR(K29="",K44=""),"",ABS(K29-K44)) | L59: =IF(OR(L29="",L44=""),"",ABS(L29-L44)) | M59: =IF(OR(M29="",M44=""),"",ABS(M29-M44)) | N59: =IF(OR(N29="",N44=""),"",ABS(N29-N44))
F60: =IF(OR(F30="",F45=""),"",ABS(F30-F45)) | G60: =IF(OR(G30="",G45=""),"",ABS(G30-G45)) | H60: =IF(OR(H30="",H45=""),"",ABS(H30-H45)) | I60: =IF(OR(I30="",I45=""),"",ABS(I30-I45)) | J60: =IF(OR(J30="",J45=""),"",ABS(J30-J45)) | K60: =IF(OR(K30="",K45=""),"",ABS(K30-K45)) | L60: =IF(OR(L30="",L45=""),"",ABS(L30-L45)) | M60: =IF(OR(M30="",M45=""),"",ABS(M30-M45)) | N60: =IF(OR(N30="",N45=""),"",ABS(N30-N45))
F61: =IF(OR(F31="",F46=""),"",ABS(F31-F46)) | G61: =IF(OR(G31="",G46=""),"",ABS(G31-G46)) | H61: =IF(OR(H31="",H46=""),"",ABS(H31-H46)) | I61: =IF(OR(I31="",I46=""),"",ABS(I31-I46)) | J61: =IF(OR(J31="",J46=""),"",ABS(J31-J46)) | K61: =IF(OR(K31="",K46=""),"",ABS(K31-K46)) | L61: =IF(OR(L31="",L46=""),"",ABS(L31-L46)) | M61: =IF(OR(M31="",M46=""),"",ABS(M31-M46)) | N61: =IF(OR(N31="",N46=""),"",ABS(N31-N46))
F62: =IF(OR(F32="",F47=""),"",ABS(F32-F47)) | G62: =IF(OR(G32="",G47=""),"",ABS(G32-G47)) | H62: =IF(OR(H32="",H47=""),"",ABS(H32-H47)) | I62: =IF(OR(I32="",I47=""),"",ABS(I32-I47)) | J62: =IF(OR(J32="",J47=""),"",ABS(J32-J47)) | K62: =IF(OR(K32="",K47=""),"",ABS(K32-K47)) | L62: =IF(OR(L32="",L47=""),"",ABS(L32-L47)) | M62: =IF(OR(M32="",M47=""),"",ABS(M32-M47)) | N62: =IF(OR(N32="",N47=""),"",ABS(N32-N47))
F63: =IF(OR(F33="",F48=""),"",ABS(F33-F48)) | G63: =IF(OR(G33="",G48=""),"",ABS(G33-G48)) | H63: =IF(OR(H33="",H48=""),"",ABS(H33-H48)) | I63: =IF(OR(I33="",I48=""),"",ABS(I33-I48)) | J63: =IF(OR(J33="",J48=""),"",ABS(J33-J48)) | K63: =IF(OR(K33="",K48=""),"",ABS(K33-K48)) | L63: =IF(OR(L33="",L48=""),"",ABS(L33-L48)) | M63: =IF(OR(M33="",M48=""),"",ABS(M33-M48)) | N63: =IF(OR(N33="",N48=""),"",ABS(N33-N48))
F64: =IF(OR(F34="",F49=""),"",ABS(F34-F49)) | G64: =IF(OR(G34="",G49=""),"",ABS(G34-G49)) | H64: =IF(OR(H34="",H49=""),"",ABS(H34-H49)) | I64: =IF(OR(I34="",I49=""),"",ABS(I34-I49)) | J64: =IF(OR(J34="",J49=""),"",ABS(J34-J49)) | K64: =IF(OR(K34="",K49=""),"",ABS(K34-K49)) | L64: =IF(OR(L34="",L49=""),"",ABS(L34-L49)) | M64: =IF(OR(M34="",M49=""),"",ABS(M34-M49)) | N64: =IF(OR(N34="",N49=""),"",ABS(N34-N49))
F67: Dégradation de couleur | G67: Dégorgement - Acétate (CA) | H67: Dégorgement - Cotton (CO) | I67: Dégorgement - Polyamide (PA) | J67: Dégorgement - Polyester(PES) | K67: Dégorgement - Polyacrylique (PAN) | L67: Dégorgement - Laine (WO) | M67: Dégorgement - Triacétate (CTA) | N67: Dégorgement - Viscose (CV)
B69: Mode: | F69: =IF(F25="","",_xlfn.MODE.SNGL(F25:F34,F40:F49)) | G69: =IF(G25="","",_xlfn.MODE.SNGL(G25:G34,G40:G49)) | H69: =IF(H25="","",_xlfn.MODE.SNGL(H25:H34,H40:H49)) | I69: =IF(I25="","",_xlfn.MODE.SNGL(I25:I34,I40:I49)) | J69: =IF(J25="","",_xlfn.MODE.SNGL(J25:J34,J40:J49)) | K69: =IF(K25="","",_xlfn.MODE.SNGL(K25:K34,K40:K49)) | L69: =IF(L25="","",_xlfn.MODE.SNGL(L25:L34,L40:L49)) | M69: =IF(M25="","",_xlfn.MODE.SNGL(M25:M34,M40:M49)) | N69: =IF(N25="","",_xlfn.MODE.SNGL(N25:N34,N40:N49))
B70: Médiane: | F70: =IF(F25="","",MEDIAN(F25:F34,F40:F49)) | G70: =IF(G25="","",MEDIAN(G25:G34,G40:G49)) | H70: =IF(H25="","",MEDIAN(H25:H34,H40:H49)) | I70: =IF(I25="","",MEDIAN(I25:I34,I40:I49)) | J70: =IF(J25="","",MEDIAN(J25:J34,J40:J49)) | K70: =IF(K25="","",MEDIAN(K25:K34,K40:K49)) | L70: =IF(L25="","",MEDIAN(L25:L34,L40:L49)) | M70: =IF(M25="","",MEDIAN(M25:M34,M40:M49)) | N70: =IF(N25="","",MEDIAN(N25:N34,N40:N49))
B71: Décision sur l'homogénéité de l'entité soumise à l'Ed'A : | F71: =IF(F25="","", IF(AND(OR(O25=$AA$4,O25=""),OR(O26=$AA$4,O26=""),OR(O27=$AA$4,O27=""),OR(O28=$AA$4,O28=""),OR(O29=$AA$4,O29=""),OR(O30=$AA$4,O30=""),OR(O31=$AA$4,O31=""),OR(O32=$AA$4,O32=""),OR(O33=$AA$4,O33=""),OR(O34=$AA$4,O34=""),OR(O40=$AA$4,O40=""),OR(O41=$AA$4,O41=""),OR(O42=$AA$4,O42=""),OR(O43=$AA$4,O43=""),OR(O44=$AA$4,O44=""),OR(O45=$AA$4,O45=""),OR(O46=$AA$4,O46=""),OR(O47=$AA$4,O47=""),OR(O48=$AA$4,O48=""),OR(O49=$AA$4, O49=""),OR(F55<=$H$14,F55=""),OR(F56<=$H$14,F56=""),OR(F57<=$H$14,F57=""),OR(F58<=$H$14,F58=""),OR(F59<=$H$14,F59=""),OR(F60<=$H$14,F60=""),OR(F61<=$H$14,F61=""),OR(F62<=$H$14,F62=""),OR(F63<=$H$14,F63=""),OR(F64<=$H$14,F64="")),"Les échantillons sont homogènes", "Les échantillons ne sont pas homogènes; éliminer les résultats indiqués en rouge. Ne pas éliminer plus que 1 résultat")) | G71: =IF(G25="","", IF(AND(OR(P25=$AA$4,P25=""),OR(P26=$AA$4,P26=""),OR(P27=$AA$4,P27=""),OR(P28=$AA$4,P28=""),OR(P29=$AA$4,P29=""),OR(P30=$AA$4,P30=""),OR(P31=$AA$4,P31=""),OR(P32=$AA$4,P32=""),OR(P33=$AA$4,P33=""),OR(P34=$AA$4,P34=""),OR(P40=$AA$4,P40=""),OR(P41=$AA$4,P41=""),OR(P42=$AA$4,P42=""),OR(P43=$AA$4,P43=""),OR(P44=$AA$4,P44=""),OR(P45=$AA$4,P45=""),OR(P46=$AA$4,P46=""),OR(P47=$AA$4,P47=""),OR(P48=$AA$4,P48=""),OR(P49=$AA$4, P49=""),OR(G55<=$H$14,G55=""),OR(G56<=$H$14,G56=""),OR(G57<=$H$14,G57=""),OR(G58<=$H$14,G58=""),OR(G59<=$H$14,G59=""),OR(G60<=$H$14,G60=""),OR(G61<=$H$14,G61=""),OR(G62<=$H$14,G62=""),OR(G63<=$H$14,G63=""),OR(G64<=$H$14,G64="")),"Les échantillons sont homogènes", "Les échantillons ne sont pas homogènes; éliminer les résultats indiqués en rouge. Ne pas éliminer plus que 1 résultat")) | H71: =IF(H25="","", IF(AND(OR(Q25=$AA$4,Q25=""),OR(Q26=$AA$4,Q26=""),OR(Q27=$AA$4,Q27=""),OR(Q28=$AA$4,Q28=""),OR(Q29=$AA$4,Q29=""),OR(Q30=$AA$4,Q30=""),OR(Q31=$AA$4,Q31=""),OR(Q32=$AA$4,Q32=""),OR(Q33=$AA$4,Q33=""),OR(Q34=$AA$4,Q34=""),OR(Q40=$AA$4,Q40=""),OR(Q41=$AA$4,Q41=""),OR(Q42=$AA$4,Q42=""),OR(Q43=$AA$4,Q43=""),OR(Q44=$AA$4,Q44=""),OR(Q45=$AA$4,Q45=""),OR(Q46=$AA$4,Q46=""),OR(Q47=$AA$4,Q47=""),OR(Q48=$AA$4,Q48=""),OR(Q49=$AA$4, Q49=""),OR(H55<=$H$14,H55=""),OR(H56<=$H$14,H56=""),OR(H57<=$H$14,H57=""),OR(H58<=$H$14,H58=""),OR(H59<=$H$14,H59=""),OR(H60<=$H$14,H60=""),OR(H61<=$H$14,H61=""),OR(H62<=$H$14,H62=""),OR(H63<=$H$14,H63=""),OR(H64<=$H$14,H64="")),"Les échantillons sont homogènes", "Les échantillons ne sont pas homogènes; éliminer les résultats indiqués en rouge. Ne pas éliminer plus que 1 résultat")) | I71: =IF(I25="","", IF(AND(OR(R25=$AA$4,R25=""),OR(R26=$AA$4,R26=""),OR(R27=$AA$4,R27=""),OR(R28=$AA$4,R28=""),OR(R29=$AA$4,R29=""),OR(R30=$AA$4,R30=""),OR(R31=$AA$4,R31=""),OR(R32=$AA$4,R32=""),OR(R33=$AA$4,R33=""),OR(R34=$AA$4,R34=""),OR(R40=$AA$4,R40=""),OR(R41=$AA$4,R41=""),OR(R42=$AA$4,R42=""),OR(R43=$AA$4,R43=""),OR(R44=$AA$4,R44=""),OR(R45=$AA$4,R45=""),OR(R46=$AA$4,R46=""),OR(R47=$AA$4,R47=""),OR(R48=$AA$4,R48=""),OR(R49=$AA$4, R49=""),OR(I55<=$H$14,I55=""),OR(I56<=$H$14,I56=""),OR(I57<=$H$14,I57=""),OR(I58<=$H$14,I58=""),OR(I59<=$H$14,I59=""),OR(I60<=$H$14,I60=""),OR(I61<=$H$14,I61=""),OR(I62<=$H$14,I62=""),OR(I63<=$H$14,I63=""),OR(I64<=$H$14,I64="")),"Les échantillons sont homogènes", "Les échantillons ne sont pas homogènes; éliminer les résultats indiqués en rouge. Ne pas éliminer plus que 1 résultat")) | J71: =IF(J25="","", IF(AND(OR(S25=$AA$4,S25=""),OR(S26=$AA$4,S26=""),OR(S27=$AA$4,S27=""),OR(S28=$AA$4,S28=""),OR(S29=$AA$4,S29=""),OR(S30=$AA$4,S30=""),OR(S31=$AA$4,S31=""),OR(S32=$AA$4,S32=""),OR(S33=$AA$4,S33=""),OR(S34=$AA$4,S34=""),OR(S40=$AA$4,S40=""),OR(S41=$AA$4,S41=""),OR(S42=$AA$4,S42=""),OR(S43=$AA$4,S43=""),OR(S44=$AA$4,S44=""),OR(S45=$AA$4,S45=""),OR(S46=$AA$4,S46=""),OR(S47=$AA$4,S47=""),OR(S48=$AA$4,S48=""),OR(S49=$AA$4, S49=""),OR(J55<=$H$14,J55=""),OR(J56<=$H$14,J56=""),OR(J57<=$H$14,J57=""),OR(J58<=$H$14,J58=""),OR(J59<=$H$14,J59=""),OR(J60<=$H$14,J60=""),OR(J61<=$H$14,J61=""),OR(J62<=$H$14,J62=""),OR(J63<=$H$14,J63=""),OR(J64<=$H$14,J64="")),"Les échantillons sont homogènes", "Les échantillons ne sont pas homogènes; éliminer les résultats indiqués en rouge. Ne pas éliminer plus que 1 résultat")) | K71: =IF(K25="","", IF(AND(OR(T25=$AA$4,T25=""),OR(T26=$AA$4,T26=""),OR(T27=$AA$4,T27=""),OR(T28=$AA$4,T28=""),OR(T29=$AA$4,T29=""),OR(T30=$AA$4,T30=""),OR(T31=$AA$4,T31=""),OR(T32=$AA$4,T32=""),OR(T33=$AA$4,T33=""),OR(T34=$AA$4,T34=""),OR(T40=$AA$4,T40=""),OR(T41=$AA$4,T41=""),OR(T42=$AA$4,T42=""),OR(T43=$AA$4,T43=""),OR(T44=$AA$4,T44=""),OR(T45=$AA$4,T45=""),OR(T46=$AA$4,T46=""),OR(T47=$AA$4,T47=""),OR(T48=$AA$4,T48=""),OR(T49=$AA$4, T49=""),OR(K55<=$H$14,K55=""),OR(K56<=$H$14,K56=""),OR(K57<=$H$14,K57=""),OR(K58<=$H$14,K58=""),OR(K59<=$H$14,K59=""),OR(K60<=$H$14,K60=""),OR(K61<=$H$14,K61=""),OR(K62<=$H$14,K62=""),OR(K63<=$H$14,K63=""),OR(K64<=$H$14,K64="")),"Les échantillons sont homogènes", "Les échantillons ne sont pas homogènes; éliminer les résultats indiqués en rouge. Ne pas éliminer plus que 1 résultat")) | L71: =IF(L25="","", IF(AND(OR(U25=$AA$4,U25=""),OR(U26=$AA$4,U26=""),OR(U27=$AA$4,U27=""),OR(U28=$AA$4,U28=""),OR(U29=$AA$4,U29=""),OR(U30=$AA$4,U30=""),OR(U31=$AA$4,U31=""),OR(U32=$AA$4,U32=""),OR(U33=$AA$4,U33=""),OR(U34=$AA$4,U34=""),OR(U40=$AA$4,U40=""),OR(U41=$AA$4,U41=""),OR(U42=$AA$4,U42=""),OR(U43=$AA$4,U43=""),OR(U44=$AA$4,U44=""),OR(U45=$AA$4,U45=""),OR(U46=$AA$4,U46=""),OR(U47=$AA$4,U47=""),OR(U48=$AA$4,U48=""),OR(U49=$AA$4, U49=""),OR(L55<=$H$14,L55=""),OR(L56<=$H$14,L56=""),OR(L57<=$H$14,L57=""),OR(L58<=$H$14,L58=""),OR(L59<=$H$14,L59=""),OR(L60<=$H$14,L60=""),OR(L61<=$H$14,L61=""),OR(L62<=$H$14,L62=""),OR(L63<=$H$14,L63=""),OR(L64<=$H$14,L64="")),"Les échantillons sont homogènes", "Les échantillons ne sont pas homogènes; éliminer les résultats indiqués en rouge. Ne pas éliminer plus que 1 résultat")) | M71: =IF(M25="","", IF(AND(OR(V25=$AA$4,V25=""),OR(V26=$AA$4,V26=""),OR(V27=$AA$4,V27=""),OR(V28=$AA$4,V28=""),OR(V29=$AA$4,V29=""),OR(V30=$AA$4,V30=""),OR(V31=$AA$4,V31=""),OR(V32=$AA$4,V32=""),OR(V33=$AA$4,V33=""),OR(V34=$AA$4,V34=""),OR(V40=$AA$4,V40=""),OR(V41=$AA$4,V41=""),OR(V42=$AA$4,V42=""),OR(V43=$AA$4,V43=""),OR(V44=$AA$4,V44=""),OR(V45=$AA$4,V45=""),OR(V46=$AA$4,V46=""),OR(V47=$AA$4,V47=""),OR(V48=$AA$4,V48=""),OR(V49=$AA$4, V49=""),OR(M55<=$H$14,M55=""),OR(M56<=$H$14,M56=""),OR(M57<=$H$14,M57=""),OR(M58<=$H$14,M58=""),OR(M59<=$H$14,M59=""),OR(M60<=$H$14,M60=""),OR(M61<=$H$14,M61=""),OR(M62<=$H$14,M62=""),OR(M63<=$H$14,M63=""),OR(M64<=$H$14,M64="")),"Les échantillons sont homogènes", "Les échantillons ne sont pas homogènes; éliminer les résultats indiqués en rouge. Ne pas éliminer plus que 1 résultat")) | N71: =IF(N25="","", IF(AND(OR(W25=$AA$4,W25=""),OR(W26=$AA$4,W26=""),OR(W27=$AA$4,W27=""),OR(W28=$AA$4,W28=""),OR(W29=$AA$4,W29=""),OR(W30=$AA$4,W30=""),OR(W31=$AA$4,W31=""),OR(W32=$AA$4,W32=""),OR(W33=$AA$4,W33=""),OR(W34=$AA$4,W34=""),OR(W40=$AA$4,W40=""),OR(W41=$AA$4,W41=""),OR(W42=$AA$4,W42=""),OR(W43=$AA$4,W43=""),OR(W44=$AA$4,W44=""),OR(W45=$AA$4,W45=""),OR(W46=$AA$4,W46=""),OR(W47=$AA$4,W47=""),OR(W48=$AA$4,W48=""),OR(W49=$AA$4, W49=""),OR(N55<=$H$14,N55=""),OR(N56<=$H$14,N56=""),OR(N57<=$H$14,N57=""),OR(N58<=$H$14,N58=""),OR(N59<=$H$14,N59=""),OR(N60<=$H$14,N60=""),OR(N61<=$H$14,N61=""),OR(N62<=$H$14,N62=""),OR(N63<=$H$14,N63=""),OR(N64<=$H$14,N64="")),"Les échantillons sont homogènes", "Les échantillons ne sont pas homogènes; éliminer les résultats indiqués en rouge. Ne pas éliminer plus que 1 résultat"))
B76: Résultat éliminé s'il y'a lieu :
B78: II) Vérification de la stabilité des échantillons à la fin de la période du déroulement de l'essai d'aptitude selon l'ISO/IEC 17043: 2023 Annexe B.2.4 page 32
B80: II.1) Vérification de la stabilité à la fin de l'essai d'aptitude
B82: Date de fin de l'essai d'aptitude
B83: Date des essais de stabilité
B84: Choisir nombre d'échantillons ( g entre 2 et 4) | E84: =IF(F96="","",COUNT(F96:F99))
B85: Nombre de prise d'essai ( m ) | E85: 2
B87: Résultats avant distribution des entités soumises à l'Ed'A = Résultats homogénéité
F88: Dégradation de couleur | G88: Dégorgement - Acétate (CA) | H88: Dégorgement - Cotton (CO) | I88: Dégorgement - Polyamide (PA) | J88: Dégorgement - Polyester(PES) | K88: Dégorgement - Polyacrylique (PAN) | L88: Dégorgement - Laine (WO) | M88: Dégorgement - Triacétate (CTA) | N88: Dégorgement - Viscose (CV)
B89: Mode : | F89: =IF(F69="","",F69) | G89: =IF(G69="","",G69) | H89: =IF(H69="","",H69) | I89: =IF(I69="","",I69) | J89: =IF(J69="","",J69) | K89: =IF(K69="","",K69) | L89: =IF(L69="","",L69) | M89: =IF(M69="","",M69) | N89: =IF(N69="","",N69)
B90: Médiane : | F90: =IF(F70="","",F70) | G90: =IF(G70="","",G70) | H90: =IF(H70="","",H70) | I90: =IF(I70="","",I70) | J90: =IF(J70="","",J70) | K90: =IF(K70="","",K70) | L90: =IF(L70="","",L70) | M90: =IF(M70="","",M70) | N90: =IF(N70="","",N70)
B92: Résultats après distribution des entités soumises à l'Ed'A
B93: Code des rapports TTS | D93: Code d'échantillons d'homogénéité | F93: Résultat 1 | O93: Décision Résultat 1
F94: Dégradation de couleur | G94: Dégorgement - Acétate (CA) | H94: Dégorgement - Cotton (CO) | I94: Dégorgement - Polyamide (PA) | J94: Dégorgement - Polyester(PES) | K94: Dégorgement - Polyacrylique (PAN) | L94: Dégorgement - Laine (WO) | M94: Dégorgement - Triacétate (CTA) | N94: Dégorgement - Viscose (CV) | O94: Dégradation de couleur | P94: Dégorgement - Acétate (CA) | Q94: Dégorgement - Cotton (CO) | R94: Dégorgement - Polyamide (PA) | S94: Dégorgement - Polyester(PES) | T94: Dégorgement - Polyacrylique (PAN) | U94: Dégorgement - Laine (WO) | V94: Dégorgement - Triacétate (CTA) | W94: Dégorgement - Viscose (CV)
O96: =IF(F96="","",IF(ABS(F96-$I$13)>$H$14,"NOT OK", "OK")) | P96: =IF(G96="","",IF(ABS(G96-$J$13)>$H$14,"NOT OK", "OK")) | Q96: =IF(H96="","",IF(ABS(H96-$K$13)>$H$14,"NOT OK", "OK")) | R96: =IF(I96="","",IF(ABS(I96-$L$13)>$H$14,"NOT OK", "OK")) | S96: =IF(J96="","",IF(ABS(J96-$M$13)>$H$14,"NOT OK", "OK")) | T96: =IF(K96="","",IF(ABS(K96-$N$13)>$H$14,"NOT OK", "OK")) | U96: =IF(L96="","",IF(ABS(L96-$O$13)>$H$14,"NOT OK", "OK")) | V96: =IF(M96="","",IF(ABS(M96-$P$13)>$H$14,"NOT OK", "OK")) | W96: =IF(N96="","",IF(ABS(N96-$Q$13)>$H$14,"NOT OK", "OK"))
O97: =IF(F97="","",IF(ABS(F97-$I$13)>$H$14,"NOT OK", "OK")) | P97: =IF(G97="","",IF(ABS(G97-$J$13)>$H$14,"NOT OK", "OK")) | Q97: =IF(H97="","",IF(ABS(H97-$K$13)>$H$14,"NOT OK", "OK")) | R97: =IF(I97="","",IF(ABS(I97-$L$13)>$H$14,"NOT OK", "OK")) | S97: =IF(J97="","",IF(ABS(J97-$M$13)>$H$14,"NOT OK", "OK")) | T97: =IF(K97="","",IF(ABS(K97-$N$13)>$H$14,"NOT OK", "OK")) | U97: =IF(L97="","",IF(ABS(L97-$O$13)>$H$14,"NOT OK", "OK")) | V97: =IF(M97="","",IF(ABS(M97-$P$13)>$H$14,"NOT OK", "OK")) | W97: =IF(N97="","",IF(ABS(N97-$Q$13)>$H$14,"NOT OK", "OK"))
O98: =IF(F98="","",IF(ABS(F98-$I$13)>$H$14,"NOT OK", "OK")) | P98: =IF(G98="","",IF(ABS(G98-$J$13)>$H$14,"NOT OK", "OK")) | Q98: =IF(H98="","",IF(ABS(H98-$K$13)>$H$14,"NOT OK", "OK")) | R98: =IF(I98="","",IF(ABS(I98-$L$13)>$H$14,"NOT OK", "OK")) | S98: =IF(J98="","",IF(ABS(J98-$M$13)>$H$14,"NOT OK", "OK")) | T98: =IF(K98="","",IF(ABS(K98-$N$13)>$H$14,"NOT OK", "OK")) | U98: =IF(L98="","",IF(ABS(L98-$O$13)>$H$14,"NOT OK", "OK")) | V98: =IF(M98="","",IF(ABS(M98-$P$13)>$H$14,"NOT OK", "OK")) | W98: =IF(N98="","",IF(ABS(N98-$Q$13)>$H$14,"NOT OK", "OK"))
O99: =IF(F99="","",IF(ABS(F99-$I$13)>$H$14,"NOT OK", "OK")) | P99: =IF(G99="","",IF(ABS(G99-$J$13)>$H$14,"NOT OK", "OK")) | Q99: =IF(H99="","",IF(ABS(H99-$K$13)>$H$14,"NOT OK", "OK")) | R99: =IF(I99="","",IF(ABS(I99-$L$13)>$H$14,"NOT OK", "OK")) | S99: =IF(J99="","",IF(ABS(J99-$M$13)>$H$14,"NOT OK", "OK")) | T99: =IF(K99="","",IF(ABS(K99-$N$13)>$H$14,"NOT OK", "OK")) | U99: =IF(L99="","",IF(ABS(L99-$O$13)>$H$14,"NOT OK", "OK")) | V99: =IF(M99="","",IF(ABS(M99-$P$13)>$H$14,"NOT OK", "OK")) | W99: =IF(N99="","",IF(ABS(N99-$Q$13)>$H$14,"NOT OK", "OK"))
B100: Code des rapports TTS | D100: Code d'échantillons de stabilité | F100: Résultat 2 | O100: Décision Résultat 2
F101: Dégradation de couleur | G101: Dégorgement - Acétate (CA) | H101: Dégorgement - Cotton (CO) | I101: Dégorgement - Polyamide (PA) | J101: Dégorgement - Polyester(PES) | K101: Dégorgement - Polyacrylique (PAN) | L101: Dégorgement - Laine (WO) | M101: Dégorgement - Triacétate (CTA) | N101: Dégorgement - Viscose (CV) | O101: Dégradation de couleur | P101: Dégorgement - Acétate (CA) | Q101: Dégorgement - Cotton (CO) | R101: Dégorgement - Polyamide (PA) | S101: Dégorgement - Polyester(PES) | T101: Dégorgement - Polyacrylique (PAN) | U101: Dégorgement - Laine (WO) | V101: Dégorgement - Triacétate (CTA) | W101: Dégorgement - Viscose (CV)
O103: =IF(F103="","",IF(ABS(F103-$I$13)>$H$14,"NOT OK", "OK")) | P103: =IF(G103="","",IF(ABS(G103-$J$13)>$H$14,"NOT OK", "OK")) | Q103: =IF(H103="","",IF(ABS(H103-$K$13)>$H$14,"NOT OK", "OK")) | R103: =IF(I103="","",IF(ABS(I103-$L$13)>$H$14,"NOT OK", "OK")) | S103: =IF(J103="","",IF(ABS(J103-$M$13)>$H$14,"NOT OK", "OK")) | T103: =IF(K103="","",IF(ABS(K103-$N$13)>$H$14,"NOT OK", "OK")) | U103: =IF(L103="","",IF(ABS(L103-$O$13)>$H$14,"NOT OK", "OK")) | V103: =IF(M103="","",IF(ABS(M103-$P$13)>$H$14,"NOT OK", "OK")) | W103: =IF(N103="","",IF(ABS(N103-$Q$13)>$H$14,"NOT OK", "OK"))
O104: =IF(F104="","",IF(ABS(F104-$I$13)>$H$14,"NOT OK", "OK")) | P104: =IF(G104="","",IF(ABS(G104-$J$13)>$H$14,"NOT OK", "OK")) | Q104: =IF(H104="","",IF(ABS(H104-$K$13)>$H$14,"NOT OK", "OK")) | R104: =IF(I104="","",IF(ABS(I104-$L$13)>$H$14,"NOT OK", "OK")) | S104: =IF(J104="","",IF(ABS(J104-$M$13)>$H$14,"NOT OK", "OK")) | T104: =IF(K104="","",IF(ABS(K104-$N$13)>$H$14,"NOT OK", "OK")) | U104: =IF(L104="","",IF(ABS(L104-$O$13)>$H$14,"NOT OK", "OK")) | V104: =IF(M104="","",IF(ABS(M104-$P$13)>$H$14,"NOT OK", "OK")) | W104: =IF(N104="","",IF(ABS(N104-$Q$13)>$H$14,"NOT OK", "OK"))
O105: =IF(F105="","",IF(ABS(F105-$I$13)>$H$14,"NOT OK", "OK")) | P105: =IF(G105="","",IF(ABS(G105-$J$13)>$H$14,"NOT OK", "OK")) | Q105: =IF(H105="","",IF(ABS(H105-$K$13)>$H$14,"NOT OK", "OK")) | R105: =IF(I105="","",IF(ABS(I105-$L$13)>$H$14,"NOT OK", "OK")) | S105: =IF(J105="","",IF(ABS(J105-$M$13)>$H$14,"NOT OK", "OK")) | T105: =IF(K105="","",IF(ABS(K105-$N$13)>$H$14,"NOT OK", "OK")) | U105: =IF(L105="","",IF(ABS(L105-$O$13)>$H$14,"NOT OK", "OK")) | V105: =IF(M105="","",IF(ABS(M105-$P$13)>$H$14,"NOT OK", "OK")) | W105: =IF(N105="","",IF(ABS(N105-$Q$13)>$H$14,"NOT OK", "OK"))
O106: =IF(F106="","",IF(ABS(F106-$I$13)>$H$14,"NOT OK", "OK")) | P106: =IF(G106="","",IF(ABS(G106-$J$13)>$H$14,"NOT OK", "OK")) | Q106: =IF(H106="","",IF(ABS(H106-$K$13)>$H$14,"NOT OK", "OK")) | R106: =IF(I106="","",IF(ABS(I106-$L$13)>$H$14,"NOT OK", "OK")) | S106: =IF(J106="","",IF(ABS(J106-$M$13)>$H$14,"NOT OK", "OK")) | T106: =IF(K106="","",IF(ABS(K106-$N$13)>$H$14,"NOT OK", "OK")) | U106: =IF(L106="","",IF(ABS(L106-$O$13)>$H$14,"NOT OK", "OK")) | V106: =IF(M106="","",IF(ABS(M106-$P$13)>$H$14,"NOT OK", "OK")) | W106: =IF(N106="","",IF(ABS(N106-$Q$13)>$H$14,"NOT OK", "OK"))
F109: lx1-x2l
F110: Dégradation de couleur | G110: Dégorgement - Acétate (CA) | H110: Dégorgement - Cotton (CO) | I110: Dégorgement - Polyamide (PA) | J110: Dégorgement - Polyester(PES) | K110: Dégorgement - Polyacrylique (PAN) | L110: Dégorgement - Laine (WO) | M110: Dégorgement - Triacétate (CTA) | N110: Dégorgement - Viscose (CV)
F112: =IF(OR(F96="",F103=""),"",ABS(F96-F103)) | G112: =IF(OR(G96="",G103=""),"",ABS(G96-G103)) | H112: =IF(OR(H96="",H103=""),"",ABS(H96-H103)) | I112: =IF(OR(I96="",I103=""),"",ABS(I96-I103)) | J112: =IF(OR(J96="",J103=""),"",ABS(J96-J103)) | K112: =IF(OR(K96="",K103=""),"",ABS(K96-K103)) | L112: =IF(OR(L96="",L103=""),"",ABS(L96-L103)) | M112: =IF(OR(M96="",M103=""),"",ABS(M96-M103)) | N112: =IF(OR(N96="",N103=""),"",ABS(N96-N103))
F113: =IF(OR(F97="",F104=""),"",ABS(F97-F104)) | G113: =IF(OR(G97="",G104=""),"",ABS(G97-G104)) | H113: =IF(OR(H97="",H104=""),"",ABS(H97-H104)) | I113: =IF(OR(I97="",I104=""),"",ABS(I97-I104)) | J113: =IF(OR(J97="",J104=""),"",ABS(J97-J104)) | K113: =IF(OR(K97="",K104=""),"",ABS(K97-K104)) | L113: =IF(OR(L97="",L104=""),"",ABS(L97-L104)) | M113: =IF(OR(M97="",M104=""),"",ABS(M97-M104)) | N113: =IF(OR(N97="",N104=""),"",ABS(N97-N104))
F114: =IF(OR(F98="",F105=""),"",ABS(F98-F105)) | G114: =IF(OR(G98="",G105=""),"",ABS(G98-G105)) | H114: =IF(OR(H98="",H105=""),"",ABS(H98-H105)) | I114: =IF(OR(I98="",I105=""),"",ABS(I98-I105)) | J114: =IF(OR(J98="",J105=""),"",ABS(J98-J105)) | K114: =IF(OR(K98="",K105=""),"",ABS(K98-K105)) | L114: =IF(OR(L98="",L105=""),"",ABS(L98-L105)) | M114: =IF(OR(M98="",M105=""),"",ABS(M98-M105)) | N114: =IF(OR(N98="",N105=""),"",ABS(N98-N105))
F115: =IF(OR(F99="",F106=""),"",ABS(F99-F106)) | G115: =IF(OR(G99="",G106=""),"",ABS(G99-G106)) | H115: =IF(OR(H99="",H106=""),"",ABS(H99-H106)) | I115: =IF(OR(I99="",I106=""),"",ABS(I99-I106)) | J115: =IF(OR(J99="",J106=""),"",ABS(J99-J106)) | K115: =IF(OR(K99="",K106=""),"",ABS(K99-K106)) | L115: =IF(OR(L99="",L106=""),"",ABS(L99-L106)) | M115: =IF(OR(M99="",M106=""),"",ABS(M99-M106)) | N115: =IF(OR(N99="",N106=""),"",ABS(N99-N106))
F117: Dégradation de couleur | G117: Dégorgement - Acétate (CA) | H117: Dégorgement - Cotton (CO) | I117: Dégorgement - Polyamide (PA) | J117: Dégorgement - Polyester(PES) | K117: Dégorgement - Polyacrylique (PAN) | L117: Dégorgement - Laine (WO) | M117: Dégorgement - Triacétate (CTA) | N117: Dégorgement - Viscose (CV)
B119: Mode: | F119: =IF(F96="","",_xlfn.MODE.SNGL(F96:F99,F103:F106)) | G119: =IF(G96="","",_xlfn.MODE.SNGL(G96:G99,G103:G106)) | H119: =IF(H96="","",_xlfn.MODE.SNGL(H96:H99,H103:H106)) | I119: =IF(I96="","",_xlfn.MODE.SNGL(I96:I99,I103:I106)) | J119: =IF(J96="","",_xlfn.MODE.SNGL(J96:J99,J103:J106)) | K119: =IF(K96="","",_xlfn.MODE.SNGL(K96:K99,K103:K106)) | L119: =IF(L96="","",_xlfn.MODE.SNGL(L96:L99,L103:L106)) | M119: =IF(M96="","",_xlfn.MODE.SNGL(M96:M99,M103:M106)) | N119: =IF(N96="","",_xlfn.MODE.SNGL(N96:N99,N103:N106))
B120: Médiane: | F120: =IF(F96="","",MEDIAN(F96:F99,F103:F106)) | G120: =IF(G96="","",MEDIAN(G96:G99,G103:G106)) | H120: =IF(H96="","",MEDIAN(H96:H99,H103:H106)) | I120: =IF(I96="","",MEDIAN(I96:I99,I103:I106)) | J120: =IF(J96="","",MEDIAN(J96:J99,J103:J106)) | K120: =IF(K96="","",MEDIAN(K96:K99,K103:K106)) | L120: =IF(L96="","",MEDIAN(L96:L99,L103:L106)) | M120: =IF(M96="","",MEDIAN(M96:M99,M103:M106)) | N120: =IF(N96="","",MEDIAN(N96:N99,N103:N106))
B121: Décision pour les résultats après distribution des entités soumises à l'Ed'A: | F121: =IF(F96="","",IF(AND(OR(O96=$AA$4,O96=""),OR(O97=$AA$4,O97=""),OR(O98=$AA$4,O98=""),OR(O99=$AA$4,O99=""),OR(O103=$AA$4,O103=""),OR(O104=$AA$4,O104=""),OR(O105=$AA$4,O105=""),OR(O106=$AA$4,O106=""),OR(F112<=$H$14,F112=""),OR(F113<=$H$14,F113=""),OR(F114<=$H$14,F114=""),OR(F115<=$H$14,F115="")),"Les échantillons sont stables", "Les échantillons ne sont pas stables;remplacer par d'autre résultats")) | G121: =IF(G96="","",IF(AND(OR(P96=$AA$4,P96=""),OR(P97=$AA$4,P97=""),OR(P98=$AA$4,P98=""),OR(P99=$AA$4,P99=""),OR(P103=$AA$4,P103=""),OR(P104=$AA$4,P104=""),OR(P105=$AA$4,P105=""),OR(P106=$AA$4,P106=""),OR(G112<=$H$14,G112=""),OR(G113<=$H$14,G113=""),OR(G114<=$H$14,G114=""),OR(G115<=$H$14,G115="")),"Les échantillons sont stables", "Les échantillons ne sont pas stables;remplacer par d'autre résultats")) | H121: =IF(H96="","",IF(AND(OR(Q96=$AA$4,Q96=""),OR(Q97=$AA$4,Q97=""),OR(Q98=$AA$4,Q98=""),OR(Q99=$AA$4,Q99=""),OR(Q103=$AA$4,Q103=""),OR(Q104=$AA$4,Q104=""),OR(Q105=$AA$4,Q105=""),OR(Q106=$AA$4,Q106=""),OR(H112<=$H$14,H112=""),OR(H113<=$H$14,H113=""),OR(H114<=$H$14,H114=""),OR(H115<=$H$14,H115="")),"Les échantillons sont stables", "Les échantillons ne sont pas stables;remplacer par d'autre résultats")) | I121: =IF(I96="","",IF(AND(OR(R96=$AA$4,R96=""),OR(R97=$AA$4,R97=""),OR(R98=$AA$4,R98=""),OR(R99=$AA$4,R99=""),OR(R103=$AA$4,R103=""),OR(R104=$AA$4,R104=""),OR(R105=$AA$4,R105=""),OR(R106=$AA$4,R106=""),OR(I112<=$H$14,I112=""),OR(I113<=$H$14,I113=""),OR(I114<=$H$14,I114=""),OR(I115<=$H$14,I115="")),"Les échantillons sont stables", "Les échantillons ne sont pas stables;remplacer par d'autre résultats")) | J121: =IF(J96="","",IF(AND(OR(S96=$AA$4,S96=""),OR(S97=$AA$4,S97=""),OR(S98=$AA$4,S98=""),OR(S99=$AA$4,S99=""),OR(S103=$AA$4,S103=""),OR(S104=$AA$4,S104=""),OR(S105=$AA$4,S105=""),OR(S106=$AA$4,S106=""),OR(J112<=$H$14,J112=""),OR(J113<=$H$14,J113=""),OR(J114<=$H$14,J114=""),OR(J115<=$H$14,J115="")),"Les échantillons sont stables", "Les échantillons ne sont pas stables;remplacer par d'autre résultats")) | K121: =IF(K96="","",IF(AND(OR(T96=$AA$4,T96=""),OR(T97=$AA$4,T97=""),OR(T98=$AA$4,T98=""),OR(T99=$AA$4,T99=""),OR(T103=$AA$4,T103=""),OR(T104=$AA$4,T104=""),OR(T105=$AA$4,T105=""),OR(T106=$AA$4,T106=""),OR(K112<=$H$14,K112=""),OR(K113<=$H$14,K113=""),OR(K114<=$H$14,K114=""),OR(K115<=$H$14,K115="")),"Les échantillons sont stables", "Les échantillons ne sont pas stables;remplacer par d'autre résultats")) | L121: =IF(L96="","",IF(AND(OR(U96=$AA$4,U96=""),OR(U97=$AA$4,U97=""),OR(U98=$AA$4,U98=""),OR(U99=$AA$4,U99=""),OR(U103=$AA$4,U103=""),OR(U104=$AA$4,U104=""),OR(U105=$AA$4,U105=""),OR(U106=$AA$4,U106=""),OR(L112<=$H$14,L112=""),OR(L113<=$H$14,L113=""),OR(L114<=$H$14,L114=""),OR(L115<=$H$14,L115="")),"Les échantillons sont stables", "Les échantillons ne sont pas stables;remplacer par d'autre résultats")) | M121: =IF(M96="","",IF(AND(OR(V96=$AA$4,V96=""),OR(V97=$AA$4,V97=""),OR(V98=$AA$4,V98=""),OR(V99=$AA$4,V99=""),OR(V103=$AA$4,V103=""),OR(V104=$AA$4,V104=""),OR(V105=$AA$4,V105=""),OR(V106=$AA$4,V106=""),OR(M112<=$H$14,M112=""),OR(M113<=$H$14,M113=""),OR(M114<=$H$14,M114=""),OR(M115<=$H$14,M115="")),"Les échantillons sont stables", "Les échantillons ne sont pas stables;remplacer par d'autre résultats")) | N121: =IF(N96="","",IF(AND(OR(W96=$AA$4,W96=""),OR(W97=$AA$4,W97=""),OR(W98=$AA$4,W98=""),OR(W99=$AA$4,W99=""),OR(W103=$AA$4,W103=""),OR(W104=$AA$4,W104=""),OR(W105=$AA$4,W105=""),OR(W106=$AA$4,W106=""),OR(N112<=$H$14,N112=""),OR(N113<=$H$14,N113=""),OR(N114<=$H$14,N114=""),OR(N115<=$H$14,N115="")),"Les échantillons sont stables", "Les échantillons ne sont pas stables;remplacer par d'autre résultats"))
B124: Résultat éliminé s'il y'a lieu :
F127: Dégradation de couleur | G127: Dégorgement - Acétate (CA) | H127: Dégorgement - Cotton (CO) | I127: Dégorgement - Polyamide (PA) | J127: Dégorgement - Polyester(PES) | K127: Dégorgement - Polyacrylique (PAN) | L127: Dégorgement - Laine (WO) | M127: Dégorgement - Triacétate (CTA) | N127: Dégorgement - Viscose (CV)
B129: Décision Mode: | F129: =IF(F96="","",IF(ABS(F119-F69)>$H$14, "Les échantillons ne sont pas stables", "Les échantillons sont stables")) | G129: =IF(G96="","",IF(ABS(G119-G69)>$H$14, "Les échantillons ne sont pas stables", "Les échantillons sont stables")) | H129: =IF(H96="","",IF(ABS(H119-H69)>$H$14, "Les échantillons ne sont pas stables", "Les échantillons sont stables")) | I129: =IF(I96="","",IF(ABS(I119-I69)>$H$14, "Les échantillons ne sont pas stables", "Les échantillons sont stables")) | J129: =IF(J96="","",IF(ABS(J119-J69)>$H$14, "Les échantillons ne sont pas stables", "Les échantillons sont stables")) | K129: =IF(K96="","",IF(ABS(K119-K69)>$H$14, "Les échantillons ne sont pas stables", "Les échantillons sont stables")) | L129: =IF(L96="","",IF(ABS(L119-L69)>$H$14, "Les échantillons ne sont pas stables", "Les échantillons sont stables")) | M129: =IF(M96="","",IF(ABS(M119-M69)>$H$14, "Les échantillons ne sont pas stables", "Les échantillons sont stables")) | N129: =IF(N96="","",IF(ABS(N119-N69)>$H$14, "Les échantillons ne sont pas stables", "Les échantillons sont stables"))
B130: Décison Médiane: | F130: =IF(F96="","",IF(ABS(F120-F70)>$H$14, "Les échantillons ne sont pas stables", "Les échantillons sont stables")) | G130: =IF(G96="","",IF(ABS(G120-G70)>$H$14, "Les échantillons ne sont pas stables", "Les échantillons sont stables")) | H130: =IF(H96="","",IF(ABS(H120-H70)>$H$14, "Les échantillons ne sont pas stables", "Les échantillons sont stables")) | I130: =IF(I96="","",IF(ABS(I120-I70)>$H$14, "Les échantillons ne sont pas stables", "Les échantillons sont stables")) | J130: =IF(J96="","",IF(ABS(J120-J70)>$H$14, "Les échantillons ne sont pas stables", "Les échantillons sont stables")) | K130: =IF(K96="","",IF(ABS(K120-K70)>$H$14, "Les échantillons ne sont pas stables", "Les échantillons sont stables")) | L130: =IF(L96="","",IF(ABS(L120-L70)>$H$14, "Les échantillons ne sont pas stables", "Les échantillons sont stables")) | M130: =IF(M96="","",IF(ABS(M120-M70)>$H$14, "Les échantillons ne sont pas stables", "Les échantillons sont stables")) | N130: =IF(N96="","",IF(ABS(N120-N70)>$H$14, "Les échantillons ne sont pas stables", "Les échantillons sont stables"))
B131: Décision sur la stabilité des entités soumises à l'Ed'A entre le début (Résultats homogéniété) et la fin de la compagne: | F131: =IF(F96="","", IF($H$12=$AA$1, F129, IF($H$12=$AA$2, F130))) | G131: =IF(G96="","", IF($H$12=$AA$1, G129, IF($H$12=$AA$2, G130))) | H131: =IF(H96="","", IF($H$12=$AA$1, H129, IF($H$12=$AA$2, H130))) | I131: =IF(I96="","", IF($H$12=$AA$1, I129, IF($H$12=$AA$2, I130))) | J131: =IF(J96="","", IF($H$12=$AA$1, J129, IF($H$12=$AA$2, J130))) | K131: =IF(K96="","", IF($H$12=$AA$1, K129, IF($H$12=$AA$2, K130))) | L131: =IF(L96="","", IF($H$12=$AA$1, L129, IF($H$12=$AA$2, L130))) | M131: =IF(M96="","", IF($H$12=$AA$1, M129, IF($H$12=$AA$2, M130))) | N131: =IF(N96="","", IF($H$12=$AA$1, N129, IF($H$12=$AA$2, N130)))
B135: II.2) Vérification de la stabilité au cours du stockage
B137: Date de fin de l'essai d'aptitude
B138: Date des essais de stabilité N° 1
B139: Date des essais de stabilité N° 2
B140: Date des essais de stabilité N° 3
B141: Date des essais de stabilité après la fin de la compagne
...
